# Blender 5.2.2 LTS
# www.blender.org
mtllib monkey_magician.mtl
o Suzanne
v 0.437500 0.164062 0.765625
v -0.437500 0.164062 0.765625
v 0.500000 0.093750 0.687500
v -0.500000 0.093750 0.687500
v 0.546875 0.054688 0.578125
v -0.546875 0.054688 0.578125
v 0.351562 -0.023438 0.617188
v -0.351562 -0.023438 0.617188
v 0.351562 0.031250 0.718750
v -0.351562 0.031250 0.718750
v 0.351562 0.132812 0.781250
v -0.351562 0.132812 0.781250
v 0.273438 0.164062 0.796875
v -0.273438 0.164062 0.796875
v 0.203125 0.093750 0.742188
v -0.203125 0.093750 0.742188
v 0.156250 0.054688 0.648438
v -0.156250 0.054688 0.648438
v 0.078125 0.242188 0.656250
v -0.078125 0.242188 0.656250
v 0.140625 0.242188 0.742188
v -0.140625 0.242188 0.742188
v 0.242188 0.242188 0.796875
v -0.242188 0.242188 0.796875
v 0.273438 0.328125 0.796875
v -0.273438 0.328125 0.796875
v 0.203125 0.390625 0.742188
v -0.203125 0.390625 0.742188
v 0.156250 0.437500 0.648438
v -0.156250 0.437500 0.648438
v 0.351562 0.515625 0.617188
v -0.351562 0.515625 0.617188
v 0.351562 0.453125 0.718750
v -0.351562 0.453125 0.718750
v 0.351562 0.359375 0.781250
v -0.351562 0.359375 0.781250
v 0.437500 0.328125 0.765625
v -0.437500 0.328125 0.765625
v 0.500000 0.390625 0.687500
v -0.500000 0.390625 0.687500
v 0.546875 0.437500 0.578125
v -0.546875 0.437500 0.578125
v 0.625000 0.242188 0.562500
v -0.625000 0.242188 0.562500
v 0.562500 0.242188 0.671875
v -0.562500 0.242188 0.671875
v 0.468750 0.242188 0.757812
v -0.468750 0.242188 0.757812
v 0.476562 0.242188 0.773438
v -0.476562 0.242188 0.773438
v 0.445312 0.335938 0.781250
v -0.445312 0.335938 0.781250
v 0.351562 0.375000 0.804688
v -0.351562 0.375000 0.804688
v 0.265625 0.335938 0.820312
v -0.265625 0.335938 0.820312
v 0.226562 0.242188 0.820312
v -0.226562 0.242188 0.820312
v 0.265625 0.156250 0.820312
v -0.265625 0.156250 0.820312
v 0.351562 0.242188 0.828125
v -0.351562 0.242188 0.828125
v 0.351562 0.117188 0.804688
v -0.351562 0.117188 0.804688
v 0.445312 0.156250 0.781250
v -0.445312 0.156250 0.781250
v 0.000000 0.429688 0.742188
v 0.000000 0.351562 0.820312
v 0.000000 -0.679688 0.734375
v 0.000000 -0.320312 0.781250
v 0.000000 -0.187500 0.796875
v 0.000000 -0.773438 0.718750
v 0.000000 0.406250 0.601562
v 0.000000 0.570312 0.570312
v 0.000000 0.898438 -0.546875
v 0.000000 0.562500 -0.851562
v 0.000000 0.070312 -0.828125
v 0.000000 -0.382812 -0.351562
v 0.203125 -0.187500 0.562500
v -0.203125 -0.187500 0.562500
v 0.312500 -0.437500 0.570312
v -0.312500 -0.437500 0.570312
v 0.351562 -0.695312 0.570312
v -0.351562 -0.695312 0.570312
v 0.367188 -0.890625 0.531250
v -0.367188 -0.890625 0.531250
v 0.328125 -0.945312 0.523438
v -0.328125 -0.945312 0.523438
v 0.179688 -0.968750 0.554688
v -0.179688 -0.968750 0.554688
v 0.000000 -0.984375 0.578125
v 0.437500 -0.140625 0.531250
v -0.437500 -0.140625 0.531250
v 0.632812 -0.039062 0.539062
v -0.632812 -0.039062 0.539062
v 0.828125 0.148438 0.445312
v -0.828125 0.148438 0.445312
v 0.859375 0.429688 0.593750
v -0.859375 0.429688 0.593750
v 0.710938 0.484375 0.625000
v -0.710938 0.484375 0.625000
v 0.492188 0.601562 0.687500
v -0.492188 0.601562 0.687500
v 0.320312 0.757812 0.734375
v -0.320312 0.757812 0.734375
v 0.156250 0.718750 0.757812
v -0.156250 0.718750 0.757812
v 0.062500 0.492188 0.750000
v -0.062500 0.492188 0.750000
v 0.164062 0.414062 0.773438
v -0.164062 0.414062 0.773438
v 0.125000 0.304688 0.765625
v -0.125000 0.304688 0.765625
v 0.203125 0.093750 0.742188
v -0.203125 0.093750 0.742188
v 0.375000 0.015625 0.703125
v -0.375000 0.015625 0.703125
v 0.492188 0.062500 0.671875
v -0.492188 0.062500 0.671875
v 0.625000 0.187500 0.648438
v -0.625000 0.187500 0.648438
v 0.640625 0.296875 0.648438
v -0.640625 0.296875 0.648438
v 0.601562 0.375000 0.664062
v -0.601562 0.375000 0.664062
v 0.429688 0.437500 0.718750
v -0.429688 0.437500 0.718750
v 0.250000 0.468750 0.757812
v -0.250000 0.468750 0.757812
v 0.000000 -0.765625 0.734375
v 0.109375 -0.718750 0.734375
v -0.109375 -0.718750 0.734375
v 0.117188 -0.835938 0.710938
v -0.117188 -0.835938 0.710938
v 0.062500 -0.882812 0.695312
v -0.062500 -0.882812 0.695312
v 0.000000 -0.890625 0.687500
v 0.000000 -0.195312 0.750000
v 0.000000 -0.140625 0.742188
v 0.101562 -0.148438 0.742188
v -0.101562 -0.148438 0.742188
v 0.125000 -0.226562 0.750000
v -0.125000 -0.226562 0.750000
v 0.085938 -0.289062 0.742188
v -0.085938 -0.289062 0.742188
v 0.398438 -0.046875 0.671875
v -0.398438 -0.046875 0.671875
v 0.617188 0.054688 0.625000
v -0.617188 0.054688 0.625000
v 0.726562 0.203125 0.601562
v -0.726562 0.203125 0.601562
v 0.742188 0.375000 0.656250
v -0.742188 0.375000 0.656250
v 0.687500 0.414062 0.726562
v -0.687500 0.414062 0.726562
v 0.437500 0.546875 0.796875
v -0.437500 0.546875 0.796875
v 0.312500 0.640625 0.835938
v -0.312500 0.640625 0.835938
v 0.203125 0.617188 0.851562
v -0.203125 0.617188 0.851562
v 0.101562 0.429688 0.843750
v -0.101562 0.429688 0.843750
v 0.125000 -0.101562 0.812500
v -0.125000 -0.101562 0.812500
v 0.210938 -0.445312 0.710938
v -0.210938 -0.445312 0.710938
v 0.250000 -0.703125 0.687500
v -0.250000 -0.703125 0.687500
v 0.265625 -0.820312 0.664062
v -0.265625 -0.820312 0.664062
v 0.234375 -0.914062 0.632812
v -0.234375 -0.914062 0.632812
v 0.164062 -0.929688 0.632812
v -0.164062 -0.929688 0.632812
v 0.000000 -0.945312 0.640625
v 0.000000 0.046875 0.726562
v 0.000000 0.210938 0.765625
v 0.328125 0.476562 0.742188
v -0.328125 0.476562 0.742188
v 0.164062 0.140625 0.750000
v -0.164062 0.140625 0.750000
v 0.132812 0.210938 0.757812
v -0.132812 0.210938 0.757812
v 0.117188 -0.687500 0.734375
v -0.117188 -0.687500 0.734375
v 0.078125 -0.445312 0.750000
v -0.078125 -0.445312 0.750000
v 0.000000 -0.445312 0.750000
v 0.000000 -0.328125 0.742188
v 0.093750 -0.273438 0.781250
v -0.093750 -0.273438 0.781250
v 0.132812 -0.226562 0.796875
v -0.132812 -0.226562 0.796875
v 0.109375 -0.132812 0.781250
v -0.109375 -0.132812 0.781250
v 0.039062 -0.125000 0.781250
v -0.039062 -0.125000 0.781250
v 0.000000 -0.203125 0.828125
v 0.046875 -0.148438 0.812500
v -0.046875 -0.148438 0.812500
v 0.093750 -0.156250 0.812500
v -0.093750 -0.156250 0.812500
v 0.109375 -0.226562 0.828125
v -0.109375 -0.226562 0.828125
v 0.078125 -0.250000 0.804688
v -0.078125 -0.250000 0.804688
v 0.000000 -0.289062 0.804688
v 0.257812 -0.312500 0.554688
v -0.257812 -0.312500 0.554688
v 0.164062 -0.242188 0.710938
v -0.164062 -0.242188 0.710938
v 0.179688 -0.312500 0.710938
v -0.179688 -0.312500 0.710938
v 0.234375 -0.250000 0.554688
v -0.234375 -0.250000 0.554688
v 0.000000 -0.875000 0.687500
v 0.046875 -0.867188 0.687500
v -0.046875 -0.867188 0.687500
v 0.093750 -0.820312 0.710938
v -0.093750 -0.820312 0.710938
v 0.093750 -0.742188 0.726562
v -0.093750 -0.742188 0.726562
v 0.000000 -0.781250 0.656250
v 0.093750 -0.750000 0.664062
v -0.093750 -0.750000 0.664062
v 0.093750 -0.812500 0.640625
v -0.093750 -0.812500 0.640625
v 0.046875 -0.851562 0.632812
v -0.046875 -0.851562 0.632812
v 0.000000 -0.859375 0.632812
v 0.171875 0.218750 0.781250
v -0.171875 0.218750 0.781250
v 0.187500 0.156250 0.773438
v -0.187500 0.156250 0.773438
v 0.335938 0.429688 0.757812
v -0.335938 0.429688 0.757812
v 0.273438 0.421875 0.773438
v -0.273438 0.421875 0.773438
v 0.421875 0.398438 0.773438
v -0.421875 0.398438 0.773438
v 0.562500 0.351562 0.695312
v -0.562500 0.351562 0.695312
v 0.585938 0.289062 0.687500
v -0.585938 0.289062 0.687500
v 0.578125 0.195312 0.679688
v -0.578125 0.195312 0.679688
v 0.476562 0.101562 0.718750
v -0.476562 0.101562 0.718750
v 0.375000 0.062500 0.742188
v -0.375000 0.062500 0.742188
v 0.226562 0.109375 0.781250
v -0.226562 0.109375 0.781250
v 0.179688 0.296875 0.781250
v -0.179688 0.296875 0.781250
v 0.210938 0.375000 0.781250
v -0.210938 0.375000 0.781250
v 0.234375 0.359375 0.757812
v -0.234375 0.359375 0.757812
v 0.195312 0.296875 0.757812
v -0.195312 0.296875 0.757812
v 0.242188 0.125000 0.757812
v -0.242188 0.125000 0.757812
v 0.375000 0.085938 0.726562
v -0.375000 0.085938 0.726562
v 0.460938 0.117188 0.703125
v -0.460938 0.117188 0.703125
v 0.546875 0.210938 0.671875
v -0.546875 0.210938 0.671875
v 0.554688 0.281250 0.671875
v -0.554688 0.281250 0.671875
v 0.531250 0.335938 0.679688
v -0.531250 0.335938 0.679688
v 0.414062 0.390625 0.750000
v -0.414062 0.390625 0.750000
v 0.281250 0.398438 0.765625
v -0.281250 0.398438 0.765625
v 0.335938 0.406250 0.750000
v -0.335938 0.406250 0.750000
v 0.203125 0.171875 0.750000
v -0.203125 0.171875 0.750000
v 0.195312 0.226562 0.750000
v -0.195312 0.226562 0.750000
v 0.109375 0.460938 0.609375
v -0.109375 0.460938 0.609375
v 0.195312 0.664062 0.617188
v -0.195312 0.664062 0.617188
v 0.335938 0.687500 0.593750
v -0.335938 0.687500 0.593750
v 0.484375 0.554688 0.554688
v -0.484375 0.554688 0.554688
v 0.679688 0.453125 0.492188
v -0.679688 0.453125 0.492188
v 0.796875 0.406250 0.460938
v -0.796875 0.406250 0.460938
v 0.773438 0.164062 0.375000
v -0.773438 0.164062 0.375000
v 0.601562 0.000000 0.414062
v -0.601562 0.000000 0.414062
v 0.437500 -0.093750 0.468750
v -0.437500 -0.093750 0.468750
v 0.000000 0.898438 0.289062
v 0.000000 0.984375 -0.078125
v 0.000000 -0.195312 -0.671875
v 0.000000 -0.460938 0.187500
v 0.000000 -0.976562 0.460938
v 0.000000 -0.804688 0.343750
v 0.000000 -0.570312 0.320312
v 0.000000 -0.484375 0.281250
v 0.851562 0.234375 0.054688
v -0.851562 0.234375 0.054688
v 0.859375 0.320312 -0.046875
v -0.859375 0.320312 -0.046875
v 0.773438 0.265625 -0.437500
v -0.773438 0.265625 -0.437500
v 0.460938 0.437500 -0.703125
v -0.460938 0.437500 -0.703125
v 0.734375 -0.046875 0.070312
v -0.734375 -0.046875 0.070312
v 0.593750 -0.125000 -0.164062
v -0.593750 -0.125000 -0.164062
v 0.640625 -0.007812 -0.429688
v -0.640625 -0.007812 -0.429688
v 0.335938 0.054688 -0.664062
v -0.335938 0.054688 -0.664062
v 0.234375 -0.351562 0.406250
v -0.234375 -0.351562 0.406250
v 0.179688 -0.414062 0.257812
v -0.179688 -0.414062 0.257812
v 0.289062 -0.710938 0.382812
v -0.289062 -0.710938 0.382812
v 0.250000 -0.500000 0.390625
v -0.250000 -0.500000 0.390625
v 0.328125 -0.914062 0.398438
v -0.328125 -0.914062 0.398438
v 0.140625 -0.757812 0.367188
v -0.140625 -0.757812 0.367188
v 0.125000 -0.539062 0.359375
v -0.125000 -0.539062 0.359375
v 0.164062 -0.945312 0.437500
v -0.164062 -0.945312 0.437500
v 0.218750 -0.281250 0.429688
v -0.218750 -0.281250 0.429688
v 0.210938 -0.226562 0.468750
v -0.210938 -0.226562 0.468750
v 0.203125 -0.171875 0.500000
v -0.203125 -0.171875 0.500000
v 0.210938 -0.390625 0.164062
v -0.210938 -0.390625 0.164062
v 0.296875 -0.312500 -0.265625
v -0.296875 -0.312500 -0.265625
v 0.343750 -0.148438 -0.539062
v -0.343750 -0.148438 -0.539062
v 0.453125 0.867188 -0.382812
v -0.453125 0.867188 -0.382812
v 0.453125 0.929688 -0.070312
v -0.453125 0.929688 -0.070312
v 0.453125 0.851562 0.234375
v -0.453125 0.851562 0.234375
v 0.460938 0.523438 0.429688
v -0.460938 0.523438 0.429688
v 0.726562 0.406250 0.335938
v -0.726562 0.406250 0.335938
v 0.632812 0.453125 0.281250
v -0.632812 0.453125 0.281250
v 0.640625 0.703125 0.054688
v -0.640625 0.703125 0.054688
v 0.796875 0.562500 0.125000
v -0.796875 0.562500 0.125000
v 0.796875 0.617188 -0.117188
v -0.796875 0.617188 -0.117188
v 0.640625 0.750000 -0.195312
v -0.640625 0.750000 -0.195312
v 0.640625 0.679688 -0.445312
v -0.640625 0.679688 -0.445312
v 0.796875 0.539062 -0.359375
v -0.796875 0.539062 -0.359375
v 0.617188 0.328125 -0.585938
v -0.617188 0.328125 -0.585938
v 0.484375 0.023438 -0.546875
v -0.484375 0.023438 -0.546875
v 0.820312 0.328125 -0.203125
v -0.820312 0.328125 -0.203125
v 0.406250 -0.171875 0.148438
v -0.406250 -0.171875 0.148438
v 0.429688 -0.195312 -0.210938
v -0.429688 -0.195312 -0.210938
v 0.890625 0.406250 -0.234375
v -0.890625 0.406250 -0.234375
v 0.773438 -0.140625 -0.125000
v -0.773438 -0.140625 -0.125000
v 1.039062 -0.101562 -0.328125
v -1.039062 -0.101562 -0.328125
v 1.281250 0.054688 -0.429688
v -1.281250 0.054688 -0.429688
v 1.351562 0.320312 -0.421875
v -1.351562 0.320312 -0.421875
v 1.234375 0.507812 -0.421875
v -1.234375 0.507812 -0.421875
v 1.023438 0.476562 -0.312500
v -1.023438 0.476562 -0.312500
v 1.015625 0.414062 -0.289062
v -1.015625 0.414062 -0.289062
v 1.187500 0.437500 -0.390625
v -1.187500 0.437500 -0.390625
v 1.265625 0.289062 -0.406250
v -1.265625 0.289062 -0.406250
v 1.210938 0.078125 -0.406250
v -1.210938 0.078125 -0.406250
v 1.031250 -0.039062 -0.304688
v -1.031250 -0.039062 -0.304688
v 0.828125 -0.070312 -0.132812
v -0.828125 -0.070312 -0.132812
v 0.921875 0.359375 -0.218750
v -0.921875 0.359375 -0.218750
v 0.945312 0.304688 -0.289062
v -0.945312 0.304688 -0.289062
v 0.882812 -0.023438 -0.210938
v -0.882812 -0.023438 -0.210938
v 1.039062 0.000000 -0.367188
v -1.039062 0.000000 -0.367188
v 1.187500 0.093750 -0.445312
v -1.187500 0.093750 -0.445312
v 1.234375 0.250000 -0.445312
v -1.234375 0.250000 -0.445312
v 1.171875 0.359375 -0.437500
v -1.171875 0.359375 -0.437500
v 1.023438 0.343750 -0.359375
v -1.023438 0.343750 -0.359375
v 0.843750 0.289062 -0.210938
v -0.843750 0.289062 -0.210938
v 0.835938 0.171875 -0.273438
v -0.835938 0.171875 -0.273438
v 0.757812 0.093750 -0.273438
v -0.757812 0.093750 -0.273438
v 0.820312 0.085938 -0.273438
v -0.820312 0.085938 -0.273438
v 0.843750 0.015625 -0.273438
v -0.843750 0.015625 -0.273438
v 0.812500 -0.015625 -0.273438
v -0.812500 -0.015625 -0.273438
v 0.726562 0.000000 -0.070312
v -0.726562 0.000000 -0.070312
v 0.718750 -0.023438 -0.171875
v -0.718750 -0.023438 -0.171875
v 0.718750 0.039062 -0.187500
v -0.718750 0.039062 -0.187500
v 0.796875 0.203125 -0.210938
v -0.796875 0.203125 -0.210938
v 0.890625 0.242188 -0.265625
v -0.890625 0.242188 -0.265625
v 0.890625 0.234375 -0.320312
v -0.890625 0.234375 -0.320312
v 0.812500 -0.015625 -0.320312
v -0.812500 -0.015625 -0.320312
v 0.851562 0.015625 -0.320312
v -0.851562 0.015625 -0.320312
v 0.828125 0.078125 -0.320312
v -0.828125 0.078125 -0.320312
v 0.765625 0.093750 -0.320312
v -0.765625 0.093750 -0.320312
v 0.843750 0.171875 -0.320312
v -0.843750 0.171875 -0.320312
v 1.039062 0.328125 -0.414062
v -1.039062 0.328125 -0.414062
v 1.187500 0.343750 -0.484375
v -1.187500 0.343750 -0.484375
v 1.257812 0.242188 -0.492188
v -1.257812 0.242188 -0.492188
v 1.210938 0.085938 -0.484375
v -1.210938 0.085938 -0.484375
v 1.046875 0.000000 -0.421875
v -1.046875 0.000000 -0.421875
v 0.882812 -0.015625 -0.265625
v -0.882812 -0.015625 -0.265625
v 0.953125 0.289062 -0.343750
v -0.953125 0.289062 -0.343750
v 0.890625 0.109375 -0.328125
v -0.890625 0.109375 -0.328125
v 0.937500 0.062500 -0.335938
v -0.937500 0.062500 -0.335938
v 1.000000 0.125000 -0.367188
v -1.000000 0.125000 -0.367188
v 0.960938 0.171875 -0.351562
v -0.960938 0.171875 -0.351562
v 1.015625 0.234375 -0.375000
v -1.015625 0.234375 -0.375000
v 1.054688 0.187500 -0.382812
v -1.054688 0.187500 -0.382812
v 1.109375 0.210938 -0.390625
v -1.109375 0.210938 -0.390625
v 1.085938 0.273438 -0.390625
v -1.085938 0.273438 -0.390625
v 1.023438 0.437500 -0.484375
v -1.023438 0.437500 -0.484375
v 1.250000 0.468750 -0.546875
v -1.250000 0.468750 -0.546875
v 1.367188 0.296875 -0.500000
v -1.367188 0.296875 -0.500000
v 1.312500 0.054688 -0.531250
v -1.312500 0.054688 -0.531250
v 1.039062 -0.085938 -0.492188
v -1.039062 -0.085938 -0.492188
v 0.789062 -0.125000 -0.328125
v -0.789062 -0.125000 -0.328125
v 0.859375 0.382812 -0.382812
v -0.859375 0.382812 -0.382812
vn 0.6650 -0.2008 0.7194
vn -0.6650 -0.2008 0.7194
vn 0.8294 -0.3036 0.4689
vn -0.8294 -0.3036 0.4689
vn 0.4155 -0.7933 0.4449
vn -0.4155 -0.7933 0.4449
vn 0.3600 -0.5089 0.7820
vn -0.3600 -0.5089 0.7820
vn -0.0787 -0.5394 0.8384
vn 0.0787 -0.5394 0.8384
vn -0.2696 -0.8413 0.4685
vn 0.2696 -0.8413 0.4685
vn -0.7707 -0.3352 0.5420
vn 0.7707 -0.3352 0.5420
vn -0.4689 -0.1940 0.8617
vn 0.4689 -0.1940 0.8617
vn -0.4767 0.1907 0.8581
vn 0.4767 0.1907 0.8581
vn -0.7672 0.3264 0.5521
vn 0.7672 0.3264 0.5521
vn -0.2519 0.8173 0.5182
vn 0.2519 0.8173 0.5182
vn -0.0949 0.5696 0.8164
vn 0.0949 0.5696 0.8164
vn 0.3667 0.5370 0.7597
vn -0.3667 0.5370 0.7597
vn 0.4141 0.7672 0.4898
vn -0.4141 0.7672 0.4898
vn 0.8277 0.2952 0.4771
vn -0.8277 0.2952 0.4771
vn 0.6713 0.1971 0.7145
vn -0.6713 0.1971 0.7145
vn 0.8111 0.3244 -0.4867
vn -0.8111 0.3244 -0.4867
vn 0.2052 0.8206 -0.5334
vn -0.2052 0.8206 -0.5334
vn -0.4223 0.7806 -0.4607
vn 0.4223 0.7806 -0.4607
vn -0.8241 0.3225 -0.4658
vn 0.8241 0.3225 -0.4658
vn -0.8137 -0.3487 -0.4650
vn 0.8137 -0.3487 -0.4650
vn -0.4223 -0.7806 -0.4607
vn 0.4223 -0.7806 -0.4607
vn 0.2052 -0.8206 -0.5334
vn -0.2052 -0.8206 -0.5334
vn 0.7995 -0.3510 -0.4875
vn -0.7995 -0.3510 -0.4875
vn 0.4000 -0.0623 0.9144
vn -0.4000 -0.0623 0.9144
vn 0.3069 -0.1754 0.9354
vn -0.3069 -0.1754 0.9354
vn 0.0945 -0.1835 0.9785
vn -0.0945 -0.1835 0.9785
vn -0.0624 -0.0283 0.9977
vn 0.0624 -0.0283 0.9977
vn -0.0624 0.0260 0.9977
vn 0.0624 0.0260 0.9977
vn 0.0996 0.1729 0.9799
vn -0.0996 0.1729 0.9799
vn 0.3036 0.1656 0.9383
vn -0.3036 0.1656 0.9383
vn 0.4002 0.0572 0.9147
vn -0.4002 0.0572 0.9147
vn 0.1231 -0.8616 0.4924
vn -0.1231 -0.8616 0.4924
vn 0.2190 -0.8647 0.4520
vn -0.2190 -0.8647 0.4520
vn 0.5902 -0.4550 0.6668
vn -0.5902 -0.4550 0.6668
vn 0.7689 -0.0506 0.6374
vn -0.7689 -0.0506 0.6374
vn 0.7796 0.0900 0.6197
vn -0.7796 0.0900 0.6197
vn 0.3241 -0.8188 0.4739
vn -0.3241 -0.8188 0.4739
vn 0.3857 -0.6629 0.6417
vn -0.3857 -0.6629 0.6417
vn 0.6895 -0.4193 0.5906
vn -0.6895 -0.4193 0.5906
vn 0.6588 -0.3634 0.6588
vn -0.6588 -0.3634 0.6588
vn 0.5465 0.3707 0.7509
vn -0.5465 0.3707 0.7509
vn 0.5064 0.6464 0.5706
vn -0.5064 0.6464 0.5706
vn 0.6092 0.5167 0.6015
vn -0.6092 0.5167 0.6015
vn -0.0441 0.6610 0.7491
vn 0.0441 0.6610 0.7491
vn -0.7246 0.3187 0.6110
vn 0.7246 0.3187 0.6110
vn -0.5880 0.5554 0.5880
vn 0.5880 0.5554 0.5880
vn 0.5361 -0.3909 0.7482
vn -0.5361 -0.3909 0.7482
vn 0.2207 -0.4690 0.8552
vn -0.2207 -0.4690 0.8552
vn -0.0794 -0.5321 0.8429
vn 0.0794 -0.5321 0.8429
vn -0.0825 -0.6575 0.7490
vn 0.0825 -0.6575 0.7490
vn 0.0457 -0.5667 0.8226
vn -0.0457 -0.5667 0.8226
vn 0.2784 -0.2130 0.9365
vn -0.2784 -0.2130 0.9365
vn 0.3813 -0.1824 0.9063
vn -0.3813 -0.1824 0.9063
vn 0.3357 -0.2878 0.8969
vn -0.3357 -0.2878 0.8969
vn 0.3762 0.0603 0.9246
vn -0.3762 0.0603 0.9246
vn -0.1352 0.2680 0.9539
vn 0.1352 0.2680 0.9539
vn 0.3961 -0.4321 0.8102
vn -0.3961 -0.4321 0.8102
vn 0.1856 -0.2474 0.9510
vn -0.1856 -0.2474 0.9510
vn 0.0099 -0.1948 0.9808
vn -0.0099 -0.1948 0.9808
vn 0.0721 -0.6966 0.7138
vn -0.0721 -0.6966 0.7138
vn 0.1863 -0.5723 0.7986
vn -0.1863 -0.5723 0.7986
vn 0.3157 -0.2708 0.9094
vn -0.3157 -0.2708 0.9094
vn 0.3063 -0.0265 0.9516
vn -0.3063 -0.0265 0.9516
vn 0.3266 -0.1306 0.9361
vn -0.3266 -0.1306 0.9361
vn -0.0137 0.0574 0.9983
vn 0.0137 0.0574 0.9983
vn -0.0026 -0.0656 0.9978
vn 0.0026 -0.0656 0.9978
vn -0.0000 -0.0000 1.0000
vn 0.8174 -0.5744 -0.0442
vn -0.8174 -0.5744 -0.0442
vn 0.9494 0.2297 -0.2144
vn -0.9494 0.2297 -0.2144
vn 0.0825 0.9073 -0.4124
vn -0.0825 0.9073 -0.4124
vn -0.8836 0.3555 0.3047
vn 0.8836 0.3555 0.3047
vn 0.4207 -0.8797 0.2218
vn -0.4207 -0.8797 0.2218
vn 0.2873 -0.5747 0.7663
vn -0.2873 -0.5747 0.7663
vn -0.6542 0.6019 0.4580
vn 0.6542 0.6019 0.4580
vn 0.1052 0.7892 0.6051
vn -0.1052 0.7892 0.6051
vn 0.7582 0.2916 0.5832
vn -0.7582 0.2916 0.5832
vn 0.3889 -0.7130 0.5834
vn -0.3889 -0.7130 0.5834
vn 0.0463 0.2314 0.9718
vn -0.0463 0.2314 0.9718
vn 0.0335 -0.4018 0.9151
vn -0.0335 -0.4018 0.9151
vn -0.4452 -0.1610 0.8809
vn 0.4452 -0.1610 0.8809
vn -0.2182 -0.4364 0.8729
vn 0.2182 -0.4364 0.8729
vn 0.4341 -0.1290 0.8916
vn -0.4341 -0.1290 0.8916
vn 0.3008 0.0501 0.9524
vn -0.3008 0.0501 0.9524
vn 0.8123 0.3010 0.4996
vn -0.8123 0.3010 0.4996
vn 0.8753 0.2574 0.4093
vn -0.8753 0.2574 0.4093
vn 0.9385 0.1601 0.3060
vn -0.9385 0.1601 0.3060
vn 0.2237 -0.6539 0.7227
vn -0.2237 -0.6539 0.7227
vn -0.1536 -0.1997 0.9677
vn 0.1536 -0.1997 0.9677
vn -0.2733 -0.1025 0.9565
vn 0.2733 -0.1025 0.9565
vn -0.0976 0.1952 0.9759
vn 0.0976 0.1952 0.9759
vn -0.1582 0.9494 0.2713
vn 0.1582 0.9494 0.2713
vn -0.6934 0.7082 0.1328
vn 0.6934 0.7082 0.1328
vn -1.0000 -0.0000 -0.0000
vn 1.0000 -0.0000 -0.0000
vn 0.3051 -0.9450 0.1181
vn -0.3051 -0.9450 0.1181
vn 0.0298 -0.2981 0.9541
vn -0.0298 -0.2981 0.9541
vn 0.1353 -0.3479 0.9277
vn -0.1353 -0.3479 0.9277
vn -0.5085 -0.2755 0.8158
vn 0.5085 -0.2755 0.8158
vn -0.3843 -0.0419 0.9223
vn 0.3843 -0.0419 0.9223
vn -0.2083 0.0374 0.9774
vn 0.2083 0.0374 0.9774
vn -0.5721 -0.4767 0.6674
vn 0.5721 -0.4767 0.6674
vn -0.1369 -0.7531 0.6435
vn 0.1369 -0.7531 0.6435
vn 0.4088 -0.6071 0.6814
vn -0.4088 -0.6071 0.6814
vn 0.5740 -0.4130 0.7070
vn -0.5740 -0.4130 0.7070
vn 0.5665 -0.0968 0.8183
vn -0.5665 -0.0968 0.8183
vn 0.5703 0.1180 0.8129
vn -0.5703 0.1180 0.8129
vn 0.4823 0.5621 0.6719
vn -0.4823 0.5621 0.6719
vn 0.2604 0.6114 0.7473
vn -0.2604 0.6114 0.7473
vn 0.1640 0.3607 0.9182
vn -0.1640 0.3607 0.9182
vn -0.0178 0.2495 0.9682
vn 0.0178 0.2495 0.9682
vn 0.3273 -0.4166 0.8481
vn -0.3273 -0.4166 0.8481
vn 0.2811 -0.2610 0.9235
vn -0.2811 -0.2610 0.9235
vn -0.2542 -0.6514 0.7149
vn 0.2542 -0.6514 0.7149
vn -0.0260 -0.8455 0.5333
vn 0.0260 -0.8455 0.5333
vn -0.3518 -0.2606 0.8991
vn 0.3518 -0.2606 0.8991
vn -0.3523 -0.0110 0.9358
vn 0.3523 -0.0110 0.9358
vn -0.1317 0.4608 0.8777
vn 0.1317 0.4608 0.8777
vn -0.0342 0.6159 0.7870
vn 0.0342 0.6159 0.7870
vn 0.3603 0.5836 0.7277
vn -0.3603 0.5836 0.7277
vn 0.4988 0.5300 0.6858
vn -0.4988 0.5300 0.6858
vn 0.6667 -0.3333 0.6667
vn -0.6667 -0.3333 0.6667
vn 0.8165 -0.0731 0.5727
vn -0.8165 -0.0731 0.5727
vn 0.7840 0.1161 0.6098
vn -0.7840 0.1161 0.6098
vn -0.5306 0.8111 -0.2461
vn 0.5306 0.8111 -0.2461
vn -0.8511 0.3695 -0.3730
vn 0.8511 0.3695 -0.3730
vn -0.2446 0.8675 -0.4331
vn 0.2446 0.8675 -0.4331
vn 0.5924 0.7465 -0.3030
vn -0.5924 0.7465 -0.3030
vn 0.3685 0.8758 -0.3118
vn -0.3685 0.8758 -0.3118
vn 0.2821 0.9151 -0.2880
vn -0.2821 0.9151 -0.2880
vn 0.8561 0.1340 -0.4991
vn -0.8561 0.1340 -0.4991
vn 0.5342 -0.7233 -0.4376
vn -0.5342 -0.7233 -0.4376
vn 0.3849 -0.8131 -0.4368
vn -0.3849 -0.8131 -0.4368
vn 0.2335 -0.5806 -0.7800
vn -0.2335 -0.5806 -0.7800
vn 0.2449 -0.0583 -0.9678
vn -0.2449 -0.0583 -0.9678
vn 0.1163 -0.4535 -0.8837
vn -0.1163 -0.4535 -0.8837
vn 0.1152 -0.9836 -0.1388
vn -0.1152 -0.9836 -0.1388
vn 0.1184 -0.9669 -0.2260
vn -0.1184 -0.9669 -0.2260
vn 0.9597 -0.0085 -0.2808
vn -0.9597 -0.0085 -0.2808
vn 0.9319 0.1629 -0.3242
vn -0.9319 0.1629 -0.3242
vn 0.1626 0.0207 -0.9865
vn -0.1626 0.0207 -0.9865
vn -0.0188 -0.2177 -0.9758
vn 0.0188 -0.2177 -0.9758
vn 0.7538 -0.2926 -0.5884
vn -0.7538 -0.2926 -0.5884
vn 0.9196 0.1379 -0.3678
vn -0.9196 0.1379 -0.3678
vn 0.9297 0.3127 -0.1944
vn -0.9297 0.3127 -0.1944
vn 0.9120 0.3376 -0.2329
vn -0.9120 0.3376 -0.2329
vn 0.9407 0.3338 -0.0607
vn -0.9407 0.3338 -0.0607
vn 0.1761 -0.8805 -0.4402
vn -0.1761 -0.8805 -0.4402
vn 0.3708 -0.4733 -0.7991
vn -0.3708 -0.4733 -0.7991
vn 0.3107 -0.8284 -0.4660
vn -0.3107 -0.8284 -0.4660
vn 0.2793 -0.9515 -0.1287
vn -0.2793 -0.9515 -0.1287
vn 0.3139 -0.9321 -0.1807
vn -0.3139 -0.9321 -0.1807
vn 0.9762 -0.2083 -0.0609
vn -0.9762 -0.2083 -0.0609
vn 0.8267 -0.5066 0.2447
vn -0.8267 -0.5066 0.2447
vn 0.3449 -0.1158 -0.9315
vn -0.3449 -0.1158 -0.9315
vn 0.1203 0.9644 0.2355
vn -0.1203 0.9644 0.2355
vn 0.1275 0.9744 -0.1851
vn -0.1275 0.9744 -0.1851
vn 0.3492 0.5947 -0.7241
vn -0.3492 0.5947 -0.7241
vn 0.4153 0.8981 -0.1449
vn -0.4153 0.8981 -0.1449
vn 0.1845 0.7036 0.6863
vn -0.1845 0.7036 0.6863
vn 0.6056 0.7794 0.1608
vn -0.6056 0.7794 0.1608
vn 0.7033 0.6806 -0.2053
vn -0.7033 0.6806 -0.2053
vn 0.6679 0.2007 -0.7166
vn -0.6679 0.2007 -0.7166
vn 0.4948 0.4342 -0.7528
vn -0.4948 0.4342 -0.7528
vn 0.6423 0.7459 -0.1761
vn -0.6423 0.7459 -0.1761
vn 0.7182 0.6788 0.1530
vn -0.7182 0.6788 0.1530
vn 0.7388 0.3972 0.5444
vn -0.7388 0.3972 0.5444
vn 0.3428 0.9261 -0.1579
vn -0.3428 0.9261 -0.1579
vn 0.2270 0.5740 0.7867
vn -0.2270 0.5740 0.7867
vn -0.1722 0.1046 -0.9795
vn 0.1722 0.1046 -0.9795
vn 0.0425 0.9150 0.4013
vn -0.0425 0.9150 0.4013
vn -0.1616 0.1847 0.9694
vn 0.1616 0.1847 0.9694
vn 0.9791 0.1973 0.0483
vn -0.9791 0.1973 0.0483
vn 0.9470 0.0918 0.3079
vn -0.9470 0.0918 0.3079
vn 0.9794 0.1905 -0.0661
vn -0.9794 0.1905 -0.0661
vn 0.9938 0.0312 -0.1070
vn -0.9938 0.0312 -0.1070
vn 0.7116 -0.7008 0.0501
vn -0.7116 -0.7008 0.0501
vn 0.3722 -0.9243 0.0847
vn -0.3722 -0.9243 0.0847
vn 0.4465 -0.8644 0.2310
vn -0.4465 -0.8644 0.2310
vn 0.6066 -0.7578 0.2405
vn -0.6066 -0.7578 0.2405
vn 0.7325 -0.6368 0.2407
vn -0.7325 -0.6368 0.2407
vn 0.2637 -0.4499 0.8533
vn -0.2637 -0.4499 0.8533
vn 0.5568 -0.3181 -0.7673
vn -0.5568 -0.3181 -0.7673
vn 0.5004 -0.2807 -0.8190
vn -0.5004 -0.2807 -0.8190
vn 0.3190 -0.8494 -0.4205
vn -0.3190 -0.8494 -0.4205
vn 0.7198 -0.6356 -0.2793
vn -0.7198 -0.6356 -0.2793
vn 0.4972 -0.4408 -0.7473
vn -0.4972 -0.4408 -0.7473
vn 0.3506 0.3807 0.8557
vn -0.3506 0.3807 0.8557
vn 0.4566 0.1715 0.8730
vn -0.4566 0.1715 0.8730
vn 0.2583 0.1055 0.9603
vn -0.2583 0.1055 0.9603
vn 0.2455 -0.0802 0.9661
vn -0.2455 -0.0802 0.9661
vn 0.4643 -0.0599 0.8837
vn -0.4643 -0.0599 0.8837
vn 0.6225 -0.3045 0.7210
vn -0.6225 -0.3045 0.7210
vn 0.4500 0.6590 0.6027
vn -0.4500 0.6590 0.6027
vn -0.2667 0.8309 0.4884
vn 0.2667 0.8309 0.4884
vn -0.8284 0.2291 0.5111
vn 0.8284 0.2291 0.5111
vn -0.5251 -0.3566 0.7727
vn 0.5251 -0.3566 0.7727
vn 0.4546 -0.5665 0.6873
vn -0.4546 -0.5665 0.6873
vn 0.6996 -0.4497 0.5552
vn -0.6996 -0.4497 0.5552
vn 0.7220 -0.6827 -0.1126
vn -0.7220 -0.6827 -0.1126
vn -0.1919 0.2860 0.9388
vn 0.1919 0.2860 0.9388
vn 0.9048 -0.3734 -0.2047
vn -0.9048 -0.3734 -0.2047
vn 0.1034 0.1551 0.9825
vn -0.1034 0.1551 0.9825
vn 0.0841 0.9318 0.3530
vn -0.0841 0.9318 0.3530
vn 0.6446 -0.0883 0.7594
vn -0.6446 -0.0883 0.7594
vn 0.4309 0.4740 0.7678
vn -0.4309 0.4740 0.7678
vn 0.8032 -0.4847 0.3462
vn -0.8032 -0.4847 0.3462
vn 0.5811 -0.4128 0.7014
vn -0.5811 -0.4128 0.7014
vn 0.5910 -0.4305 0.6822
vn -0.5910 -0.4305 0.6822
vn 0.9818 -0.1804 -0.0591
vn -0.9818 -0.1804 -0.0591
vn 0.9105 -0.3965 -0.1175
vn -0.9105 -0.3965 -0.1175
vn 0.9972 -0.0181 -0.0725
vn -0.9972 -0.0181 -0.0725
vn 0.7313 -0.6543 0.1925
vn -0.7313 -0.6543 0.1925
vn 0.7867 -0.6079 0.1073
vn -0.7867 -0.6079 0.1073
vn 0.7022 -0.7022 0.1170
vn -0.7022 -0.7022 0.1170
vn 0.1840 0.9816 -0.0511
vn -0.1840 0.9816 -0.0511
vn 0.9352 0.3301 0.1284
vn -0.9352 0.3301 0.1284
vn 0.6633 -0.7463 0.0553
vn -0.6633 -0.7463 0.0553
vn -0.0085 0.9970 0.0767
vn 0.0085 0.9970 0.0767
vn 0.6237 -0.7061 0.3354
vn -0.6237 -0.7061 0.3354
vn 0.2733 -0.8925 0.3587
vn -0.2733 -0.8925 0.3587
vn -0.8328 -0.5080 -0.2200
vn 0.8328 -0.5080 -0.2200
vn -0.8339 0.2377 -0.4981
vn 0.8339 0.2377 -0.4981
vn -0.5655 0.7847 -0.2539
vn 0.5655 0.7847 -0.2539
vn -0.0560 0.9962 0.0672
vn 0.0560 0.9962 0.0672
vn 0.1445 0.0222 0.9893
vn -0.1445 0.0222 0.9893
vn 0.3275 0.0645 0.9427
vn -0.3275 0.0645 0.9427
vn 0.3127 0.0232 0.9496
vn -0.3127 0.0232 0.9496
vn 0.1710 0.0274 0.9849
vn -0.1710 0.0274 0.9849
vn 0.3487 0.2849 0.8929
vn -0.3487 0.2849 0.8929
vn 0.4006 -0.0343 0.9156
vn -0.4006 -0.0343 0.9156
vn 0.2572 -0.0603 0.9645
vn -0.2572 -0.0603 0.9645
vn 0.0637 -0.0106 0.9979
vn -0.0637 -0.0106 0.9979
vn -0.3637 0.7039 0.6101
vn 0.3637 0.7039 0.6101
vn 0.6299 0.0355 0.7759
vn -0.6299 0.0355 0.7759
vn 0.4472 -0.2002 0.8717
vn -0.4472 -0.2002 0.8717
vn 0.5072 -0.2141 0.8348
vn -0.5072 -0.2141 0.8348
vn 0.5258 0.2619 0.8093
vn -0.5258 0.2619 0.8093
vn 0.2980 0.5802 0.7580
vn -0.2980 0.5802 0.7580
vn 0.0930 -0.9924 -0.0805
vn -0.0930 -0.9924 -0.0805
vn 0.5006 -0.8657 0.0080
vn -0.5006 -0.8657 0.0080
vn 0.9285 -0.2497 0.2748
vn -0.9285 -0.2497 0.2748
vn 0.8393 0.5424 -0.0378
vn -0.8393 0.5424 -0.0378
vn -0.2355 0.9367 -0.2589
vn 0.2355 0.9367 -0.2589
vn -0.4499 0.8838 -0.1285
vn 0.4499 0.8838 -0.1285
vn -0.5384 -0.0098 -0.8427
vn 0.5384 -0.0098 -0.8427
vn -0.1910 -0.0241 -0.9813
vn 0.1910 -0.0241 -0.9813
vn 0.4046 0.0266 -0.9141
vn -0.4046 0.0266 -0.9141
vn -0.7819 0.6231 0.0197
vn 0.7819 0.6231 0.0197
vn 0.5428 -0.2063 -0.8142
vn -0.5428 -0.2063 -0.8142
vn -0.2474 -0.9231 -0.2945
vn 0.2474 -0.9231 -0.2945
vt 0.843250 0.588863
vt 0.833697 0.611927
vt 0.794218 0.611927
vt 0.815334 0.560948
vt 0.866314 0.937441
vt 0.866314 0.897962
vt 0.889378 0.888409
vt 0.917293 0.916324
vt 0.746541 0.611927
vt 0.781622 0.527235
vt 0.866314 0.985118
vt 0.951006 0.950037
vt 0.815334 0.662907
vt 0.781622 0.696619
vt 0.781622 0.950037
vt 0.815334 0.916325
vt 0.843250 0.634991
vt 0.843250 0.888409
vt 0.866314 0.644544
vt 0.866314 0.684023
vt 0.794218 0.865345
vt 0.833697 0.865345
vt 0.866314 0.731700
vt 0.746541 0.865345
vt 0.917293 0.662907
vt 0.951006 0.696619
vt 0.781622 0.780653
vt 0.815334 0.814366
vt 0.889378 0.634991
vt 0.843250 0.842281
vt 0.898931 0.611927
vt 0.938410 0.611927
vt 0.866314 0.793249
vt 0.866314 0.832728
vt 0.986087 0.611927
vt 0.866314 0.745572
vt 0.917294 0.560947
vt 0.951006 0.527235
vt 0.951006 0.780653
vt 0.917294 0.814365
vt 0.889378 0.588863
vt 0.889378 0.842281
vt 0.866314 0.579310
vt 0.866314 0.539831
vt 0.938410 0.865345
vt 0.898931 0.865345
vt 0.866314 0.492154
vt 0.986087 0.865345
vt 0.866314 0.585461
vt 0.847600 0.593213
vt 0.892780 0.865345
vt 0.885028 0.884059
vt 0.885028 0.593213
vt 0.885028 0.846631
vt 0.892780 0.611927
vt 0.866314 0.838879
vt 0.885028 0.630641
vt 0.847600 0.846631
vt 0.866314 0.638393
vt 0.839848 0.865345
vt 0.847600 0.630641
vt 0.847600 0.884059
vt 0.839848 0.611927
vt 0.866314 0.891811
vt 0.866314 0.611927
vt 0.866314 0.865345
vt 0.520711 0.060503
vt 0.517028 0.068490
vt 0.500000 0.064527
vt 0.500000 0.054411
vt 0.482972 0.068490
vt 0.479289 0.060503
vt 0.530457 0.065062
vt 0.522612 0.070678
vt 0.477388 0.070678
vt 0.469543 0.065062
vt 0.532878 0.067822
vt 0.526301 0.079422
vt 0.473699 0.079422
vt 0.467122 0.067822
vt 0.544695 0.083023
vt 0.529228 0.091098
vt 0.470772 0.091098
vt 0.455305 0.083023
vt 0.565647 0.115495
vt 0.537536 0.127779
vt 0.462464 0.127779
vt 0.434353 0.115495
vt 0.586916 0.172042
vt 0.626605 0.208159
vt 0.600470 0.238288
vt 0.535885 0.215568
vt 0.399530 0.238288
vt 0.373395 0.208159
vt 0.413084 0.172042
vt 0.464115 0.215568
vt 0.650908 0.240294
vt 0.636962 0.261221
vt 0.363038 0.261221
vt 0.349092 0.240294
vt 0.689501 0.268805
vt 0.655896 0.284413
vt 0.344104 0.284413
vt 0.310499 0.268805
vt 0.684517 0.317795
vt 0.659507 0.313152
vt 0.340493 0.313152
vt 0.315483 0.317795
vt 0.671357 0.334694
vt 0.649107 0.322437
vt 0.350893 0.322437
vt 0.328643 0.334694
vt 0.636775 0.370732
vt 0.613636 0.353108
vt 0.386364 0.353108
vt 0.363225 0.370732
vt 0.602261 0.395588
vt 0.594178 0.371277
vt 0.405822 0.371277
vt 0.397739 0.395588
vt 0.581044 0.398468
vt 0.577351 0.373341
vt 0.422649 0.373341
vt 0.418956 0.398468
vt 0.532016 0.387365
vt 0.539817 0.354339
vt 0.460183 0.354339
vt 0.467984 0.387365
vt 0.500000 0.382860
vt 0.500000 0.340417
vt 0.559135 0.334326
vt 0.579057 0.335646
vt 0.420943 0.335646
vt 0.440865 0.334326
vt 0.592090 0.332885
vt 0.407910 0.332885
vt 0.606163 0.325516
vt 0.393837 0.325516
vt 0.628251 0.311636
vt 0.371749 0.311636
vt 0.635551 0.300507
vt 0.364449 0.300507
vt 0.631484 0.283889
vt 0.368516 0.283889
vt 0.611331 0.264411
vt 0.388669 0.264411
vt 0.592372 0.254897
vt 0.407628 0.254897
vt 0.559669 0.267717
vt 0.440331 0.267717
vt 0.550878 0.277832
vt 0.500000 0.252445
vt 0.449122 0.277832
vt 0.544001 0.314523
vt 0.455999 0.314523
vt 0.500000 0.295691
vt 0.543637 0.293371
vt 0.456363 0.293371
vt 0.506819 0.075382
vt 0.500000 0.073497
vt 0.493181 0.075382
vt 0.511782 0.080633
vt 0.488218 0.080633
vt 0.512172 0.093457
vt 0.487828 0.093457
vt 0.514257 0.133422
vt 0.513874 0.097191
vt 0.486126 0.097191
vt 0.485743 0.133422
vt 0.520226 0.164615
vt 0.500000 0.157864
vt 0.500000 0.134352
vt 0.479774 0.164615
vt 0.500000 0.100063
vt 0.500000 0.091346
vt 0.530258 0.180239
vt 0.521901 0.181560
vt 0.517666 0.172353
vt 0.482334 0.172353
vt 0.478099 0.181560
vt 0.469742 0.180239
vt 0.523673 0.198817
vt 0.518957 0.194728
vt 0.481043 0.194728
vt 0.476327 0.198817
vt 0.500000 0.203867
vt 0.508211 0.197295
vt 0.491789 0.197295
vt 0.500000 0.197278
vt 0.500000 0.192167
vt 0.500000 0.165170
vt 0.513538 0.176949
vt 0.500000 0.171718
vt 0.486462 0.176949
vt 0.500000 0.186182
vt 0.508818 0.192407
vt 0.491182 0.192407
vt 0.515232 0.190709
vt 0.484768 0.190709
vt 0.516908 0.181873
vt 0.483092 0.181873
vt 0.544209 0.172814
vt 0.455791 0.172814
vt 0.541327 0.154899
vt 0.458673 0.154899
vt 0.578661 0.139176
vt 0.421339 0.139176
vt 0.583245 0.154155
vt 0.416755 0.154155
vt 0.500000 0.089977
vt 0.509911 0.090724
vt 0.490089 0.090724
vt 0.509713 0.082236
vt 0.490287 0.082236
vt 0.505196 0.077083
vt 0.494804 0.077083
vt 0.500000 0.075473
vt 0.503445 0.080840
vt 0.500000 0.080320
vt 0.496555 0.080840
vt 0.506660 0.083289
vt 0.493340 0.083289
vt 0.506822 0.086791
vt 0.493178 0.086791
vt 0.500000 0.085637
vt 0.562361 0.284338
vt 0.559190 0.294882
vt 0.437639 0.284338
vt 0.440810 0.294882
vt 0.563180 0.307151
vt 0.436820 0.307151
vt 0.570458 0.318697
vt 0.429542 0.318697
vt 0.569243 0.278245
vt 0.430757 0.278245
vt 0.589914 0.271772
vt 0.410086 0.271772
vt 0.602190 0.277180
vt 0.397810 0.277180
vt 0.617110 0.287175
vt 0.382890 0.287175
vt 0.618074 0.299197
vt 0.381926 0.299197
vt 0.615871 0.307438
vt 0.384129 0.307438
vt 0.598424 0.313725
vt 0.401576 0.313725
vt 0.590828 0.319797
vt 0.409172 0.319797
vt 0.582130 0.320991
vt 0.417870 0.320991
vt 0.578615 0.309394
vt 0.583998 0.312892
vt 0.421385 0.309394
vt 0.416002 0.312892
vt 0.589656 0.312336
vt 0.410344 0.312336
vt 0.596347 0.309249
vt 0.403653 0.309249
vt 0.606014 0.302517
vt 0.393986 0.302517
vt 0.607735 0.297520
vt 0.392265 0.297520
vt 0.606985 0.291216
vt 0.393015 0.291216
vt 0.598275 0.283083
vt 0.401725 0.283083
vt 0.589866 0.280167
vt 0.410134 0.280167
vt 0.576352 0.284624
vt 0.423648 0.284624
vt 0.572831 0.289915
vt 0.427169 0.289915
vt 0.573307 0.303342
vt 0.426693 0.303342
vt 0.572447 0.295716
vt 0.427553 0.295716
vt 0.529647 0.428636
vt 0.500000 0.428636
vt 0.470353 0.428636
vt 0.584616 0.428636
vt 0.415384 0.428636
vt 0.622301 0.417889
vt 0.377699 0.417889
vt 0.666214 0.388954
vt 0.333786 0.388954
vt 0.701481 0.344467
vt 0.298519 0.344467
vt 0.712163 0.315527
vt 0.287837 0.315527
vt 0.704305 0.260225
vt 0.295695 0.260225
vt 0.672947 0.224880
vt 0.327053 0.224880
vt 0.640497 0.198841
vt 0.359503 0.198841
vt 0.603553 0.023452
vt 0.625128 0.029461
vt 0.635753 0.082198
vt 0.598617 0.056841
vt 0.364247 0.082198
vt 0.374872 0.029461
vt 0.396447 0.023452
vt 0.401383 0.056841
vt 0.546781 0.009442
vt 0.556354 0.040906
vt 0.453219 0.009442
vt 0.443646 0.040906
vt 0.500000 0.033223
vt 0.527159 0.049514
vt 0.472841 0.049514
vt 0.537222 0.060794
vt 0.462778 0.060794
vt 0.558499 0.065137
vt 0.441501 0.065137
vt 0.588127 0.085177
vt 0.411873 0.085177
vt 0.607239 0.113940
vt 0.392761 0.113940
vt 0.612663 0.133675
vt 0.605467 0.151503
vt 0.394533 0.151503
vt 0.387337 0.133675
vt 0.600708 0.162985
vt 0.399292 0.162985
vt 0.922374 0.064228
vt 0.859647 0.117994
vt 0.823287 0.101559
vt 0.861342 0.027230
vt 0.176713 0.101559
vt 0.140353 0.117994
vt 0.077626 0.064228
vt 0.138658 0.027230
vt 0.765863 0.087001
vt 0.774604 0.010837
vt 0.234137 0.087001
vt 0.225396 0.010837
vt 0.661952 0.087561
vt 0.647010 0.028716
vt 0.338048 0.087561
vt 0.352990 0.028716
vt 0.743592 0.198572
vt 0.766410 0.233065
vt 0.256408 0.198572
vt 0.233590 0.233065
vt 0.987633 0.154243
vt 0.889478 0.177602
vt 0.110522 0.177602
vt 0.012367 0.154243
vt 0.899807 0.420886
vt 0.844317 0.347370
vt 0.881169 0.309153
vt 0.958963 0.357385
vt 0.118831 0.309153
vt 0.155683 0.347370
vt 0.100193 0.420886
vt 0.041037 0.357385
vt 0.903302 0.261367
vt 0.999860 0.253531
vt 0.096698 0.261367
vt 0.000140 0.253531
vt 0.724763 0.340212
vt 0.744725 0.304629
vt 0.766113 0.319494
vt 0.255275 0.304629
vt 0.275237 0.340212
vt 0.233887 0.319494
vt 0.793427 0.280495
vt 0.826663 0.297810
vt 0.206573 0.280495
vt 0.173337 0.297810
vt 0.823620 0.254612
vt 0.855331 0.267956
vt 0.176380 0.254612
vt 0.144669 0.267956
vt 0.835860 0.225225
vt 0.868309 0.233525
vt 0.164140 0.225225
vt 0.131691 0.233525
vt 0.813499 0.190705
vt 0.851288 0.181145
vt 0.148712 0.181145
vt 0.186501 0.190705
vt 0.772263 0.374010
vt 0.227737 0.374010
vt 0.744519 0.390057
vt 0.255481 0.390057
vt 0.824765 0.470987
vt 0.175235 0.470987
vt 0.792141 0.464714
vt 0.742181 0.461543
vt 0.726855 0.432574
vt 0.273145 0.432574
vt 0.257819 0.461543
vt 0.207859 0.464714
vt 0.795638 0.489991
vt 0.204362 0.489991
vt 0.786137 0.227788
vt 0.213863 0.227788
vt 0.802950 0.203415
vt 0.197050 0.203415
vt 0.769334 0.128771
vt 0.691484 0.146686
vt 0.230666 0.128771
vt 0.308516 0.146686
vt 0.780113 0.169386
vt 0.219887 0.169386
vt 0.803789 0.171181
vt 0.830917 0.139518
vt 0.169083 0.139518
vt 0.196211 0.171181
vt 0.574628 0.959188
vt 0.464516 0.959188
vt 0.477326 0.891852
vt 0.545439 0.884582
vt 0.272900 0.891852
vt 0.285710 0.959188
vt 0.175598 0.959188
vt 0.204787 0.884582
vt 0.605134 0.846978
vt 0.715894 0.897069
vt 0.145092 0.846978
vt 0.034332 0.897069
vt 0.605360 0.784410
vt 0.683874 0.757011
vt 0.144866 0.784410
vt 0.066352 0.757011
vt 0.574835 0.744212
vt 0.617867 0.719156
vt 0.175391 0.744212
vt 0.132359 0.719156
vt 0.534996 0.712528
vt 0.568728 0.682132
vt 0.215230 0.712528
vt 0.181498 0.682132
vt 0.483006 0.686791
vt 0.508539 0.641024
vt 0.267220 0.686791
vt 0.241687 0.641024
vt 0.513415 0.736977
vt 0.478880 0.719593
vt 0.271346 0.719593
vt 0.236811 0.736977
vt 0.541117 0.760754
vt 0.209109 0.760754
vt 0.557599 0.789442
vt 0.192627 0.789442
vt 0.553841 0.821849
vt 0.196385 0.821849
vt 0.524671 0.842380
vt 0.225555 0.842380
vt 0.485193 0.845321
vt 0.265033 0.845321
vt 0.786150 0.181127
vt 0.770208 0.191225
vt 0.213850 0.181127
vt 0.229792 0.191225
vt 0.408153 0.587507
vt 0.409610 0.674022
vt 0.342073 0.587507
vt 0.340616 0.674022
vt 0.400301 0.910556
vt 0.414155 0.878318
vt 0.336071 0.878318
vt 0.349925 0.910556
vt 0.443630 0.713731
vt 0.306596 0.713731
vt 0.429725 0.728622
vt 0.392812 0.710774
vt 0.357414 0.710774
vt 0.320501 0.728622
vt 0.422979 0.754609
vt 0.432640 0.746527
vt 0.327247 0.754609
vt 0.317586 0.746527
vt 0.427719 0.796173
vt 0.391578 0.815187
vt 0.358648 0.815187
vt 0.322507 0.796173
vt 0.448277 0.830976
vt 0.301949 0.830976
vt 0.797710 0.195652
vt 0.802580 0.199758
vt 0.197420 0.199758
vt 0.202290 0.195652
vt 0.789609 0.184671
vt 0.210391 0.184671
vt 0.466042 0.804091
vt 0.490498 0.816075
vt 0.284184 0.804091
vt 0.259728 0.816075
vt 0.448042 0.783921
vt 0.302184 0.783921
vt 0.438745 0.764960
vt 0.311481 0.764960
vt 0.445216 0.756351
vt 0.305010 0.756351
vt 0.449819 0.743458
vt 0.300407 0.743458
vt 0.456307 0.732687
vt 0.293919 0.732687
vt 0.475471 0.740871
vt 0.274755 0.740871
vt 0.514211 0.817769
vt 0.236015 0.817769
vt 0.527961 0.808598
vt 0.222265 0.808598
vt 0.530079 0.790754
vt 0.220147 0.790754
vt 0.518620 0.772385
vt 0.231606 0.772385
vt 0.498668 0.755033
vt 0.251558 0.755033
vt 0.468029 0.756171
vt 0.459660 0.770459
vt 0.282197 0.756171
vt 0.290566 0.770459
vt 0.487167 0.769899
vt 0.477354 0.785393
vt 0.263059 0.769899
vt 0.272872 0.785393
vt 0.504617 0.782999
vt 0.496545 0.797122
vt 0.245609 0.782999
vt 0.253681 0.797122
vt 0.516137 0.792591
vt 0.513713 0.804019
vt 0.234089 0.792591
vt 0.236513 0.804019
vt 0.574269 0.607668
vt 0.613510 0.655816
vt 0.175957 0.607668
vt 0.136716 0.655816
vt 0.644031 0.693270
vt 0.106195 0.693270
vt 0.668163 0.712097
vt 0.082063 0.712097
vt 0.727131 0.698475
vt 0.676584 0.686010
vt 0.023095 0.698475
vt 0.073642 0.686010
vt 0.729804 0.624370
vt 0.667013 0.640198
vt 0.020422 0.624370
vt 0.083213 0.640198
vt 0.721292 0.572934
vt 0.648152 0.594596
vt 0.028934 0.572934
vt 0.102074 0.594596
vt 0.630034 0.557583
vt 0.717709 0.538143
vt 0.032517 0.538143
vt 0.120192 0.557583
vt 0.526877 0.539235
vt 0.223349 0.539235
s 0
f 47/1/1 1/2/1 3/3/1 45/4/1
f 4/5/2 2/6/2 48/7/2 46/8/2
f 45/4/3 3/3/3 5/9/3 43/10/3
f 6/11/4 4/5/4 46/8/4 44/12/4
f 3/3/5 9/13/5 7/14/5 5/9/5
f 8/15/6 10/16/6 4/5/6 6/11/6
f 1/2/7 11/17/7 9/13/7 3/3/7
f 10/16/8 12/18/8 2/6/8 4/5/8
f 11/17/9 13/19/9 15/20/9 9/13/9
f 16/21/10 14/22/10 12/18/10 10/16/10
f 9/13/11 15/20/11 17/23/11 7/14/11
f 18/24/12 16/21/12 10/16/12 8/15/12
f 15/20/13 21/25/13 19/26/13 17/23/13
f 20/27/14 22/28/14 16/21/14 18/24/14
f 13/19/15 23/29/15 21/25/15 15/20/15
f 22/28/16 24/30/16 14/22/16 16/21/16
f 23/29/17 25/31/17 27/32/17 21/25/17
f 28/33/18 26/34/18 24/30/18 22/28/18
f 21/25/19 27/32/19 29/35/19 19/26/19
f 30/36/20 28/33/20 22/28/20 20/27/20
f 27/32/21 33/37/21 31/38/21 29/35/21
f 32/39/22 34/40/22 28/33/22 30/36/22
f 25/31/23 35/41/23 33/37/23 27/32/23
f 34/40/24 36/42/24 26/34/24 28/33/24
f 35/41/25 37/43/25 39/44/25 33/37/25
f 40/45/26 38/46/26 36/42/26 34/40/26
f 33/37/27 39/44/27 41/47/27 31/38/27
f 42/48/28 40/45/28 34/40/28 32/39/28
f 39/44/29 45/4/29 43/10/29 41/47/29
f 44/12/30 46/8/30 40/45/30 42/48/30
f 37/43/31 47/1/31 45/4/31 39/44/31
f 46/8/32 48/7/32 38/46/32 40/45/32
f 47/1/33 37/43/33 51/49/33 49/50/33
f 52/51/34 38/46/34 48/7/34 50/52/34
f 37/43/35 35/41/35 53/53/35 51/49/35
f 54/54/36 36/42/36 38/46/36 52/51/36
f 35/41/37 25/31/37 55/55/37 53/53/37
f 56/56/38 26/34/38 36/42/38 54/54/38
f 25/31/39 23/29/39 57/57/39 55/55/39
f 58/58/40 24/30/40 26/34/40 56/56/40
f 23/29/41 13/19/41 59/59/41 57/57/41
f 60/60/42 14/22/42 24/30/42 58/58/42
f 13/19/43 11/17/43 63/61/43 59/59/43
f 64/62/44 12/18/44 14/22/44 60/60/44
f 11/17/45 1/2/45 65/63/45 63/61/45
f 66/64/46 2/6/46 12/18/46 64/62/46
f 1/2/47 47/1/47 49/50/47 65/63/47
f 50/52/48 48/7/48 2/6/48 66/64/48
f 61/65/49 65/63/49 49/50/49
f 50/52/50 66/64/50 62/66/50
f 63/61/51 65/63/51 61/65/51
f 62/66/52 66/64/52 64/62/52
f 61/65/53 59/59/53 63/61/53
f 64/62/54 60/60/54 62/66/54
f 61/65/55 57/57/55 59/59/55
f 60/60/56 58/58/56 62/66/56
f 61/65/57 55/55/57 57/57/57
f 58/58/58 56/56/58 62/66/58
f 61/65/59 53/53/59 55/55/59
f 56/56/60 54/54/60 62/66/60
f 61/65/61 51/49/61 53/53/61
f 54/54/62 52/51/62 62/66/62
f 61/65/63 49/50/63 51/49/63
f 52/51/64 50/52/64 62/66/64
f 89/67/65 174/68/65 176/69/65 91/70/65
f 176/69/66 175/71/66 90/72/66 91/70/66
f 87/73/67 172/74/67 174/68/67 89/67/67
f 175/71/68 173/75/68 88/76/68 90/72/68
f 85/77/69 170/78/69 172/74/69 87/73/69
f 173/75/70 171/79/70 86/80/70 88/76/70
f 83/81/71 168/82/71 170/78/71 85/77/71
f 171/79/72 169/83/72 84/84/72 86/80/72
f 81/85/73 166/86/73 168/82/73 83/81/73
f 169/83/74 167/87/74 82/88/74 84/84/74
f 79/89/75 92/90/75 146/91/75 164/92/75
f 147/93/76 93/94/76 80/95/76 165/96/76
f 92/90/77 94/97/77 148/98/77 146/91/77
f 149/99/78 95/100/78 93/94/78 147/93/78
f 94/97/79 96/101/79 150/102/79 148/98/79
f 151/103/80 97/104/80 95/100/80 149/99/80
f 96/101/81 98/105/81 152/106/81 150/102/81
f 153/107/82 99/108/82 97/104/82 151/103/82
f 98/105/83 100/109/83 154/110/83 152/106/83
f 155/111/84 101/112/84 99/108/84 153/107/84
f 100/109/85 102/113/85 156/114/85 154/110/85
f 157/115/86 103/116/86 101/112/86 155/111/86
f 102/113/87 104/117/87 158/118/87 156/114/87
f 159/119/88 105/120/88 103/116/88 157/115/88
f 104/117/89 106/121/89 160/122/89 158/118/89
f 161/123/90 107/124/90 105/120/90 159/119/90
f 106/121/91 108/125/91 162/126/91 160/122/91
f 163/127/92 109/128/92 107/124/92 161/123/92
f 108/125/93 67/129/93 68/130/93 162/126/93
f 68/130/94 67/129/94 109/128/94 163/127/94
f 110/131/95 128/132/95 160/122/95 162/126/95
f 161/123/96 129/133/96 111/134/96 163/127/96
f 128/132/97 179/135/97 158/118/97 160/122/97
f 159/119/98 180/136/98 129/133/98 161/123/98
f 126/137/99 156/114/99 158/118/99 179/135/99
f 159/119/100 157/115/100 127/138/100 180/136/100
f 124/139/101 154/110/101 156/114/101 126/137/101
f 157/115/102 155/111/102 125/140/102 127/138/102
f 122/141/103 152/106/103 154/110/103 124/139/103
f 155/111/104 153/107/104 123/142/104 125/140/104
f 120/143/105 150/102/105 152/106/105 122/141/105
f 153/107/106 151/103/106 121/144/106 123/142/106
f 118/145/107 148/98/107 150/102/107 120/143/107
f 151/103/108 149/99/108 119/146/108 121/144/108
f 116/147/109 146/91/109 148/98/109 118/145/109
f 149/99/110 147/93/110 117/148/110 119/146/110
f 114/149/111 164/92/111 146/91/111 116/147/111
f 147/93/112 165/96/112 115/150/112 117/148/112
f 114/149/113 181/151/113 177/152/113 164/92/113
f 177/152/114 182/153/114 115/150/114 165/96/114
f 110/131/115 162/126/115 68/130/115 112/154/115
f 68/130/116 163/127/116 111/134/116 113/155/116
f 112/154/117 68/130/117 178/156/117 183/157/117
f 178/156/118 68/130/118 113/155/118 184/158/118
f 177/152/119 181/151/119 183/157/119 178/156/119
f 184/158/120 182/153/120 177/152/120 178/156/120
f 135/159/121 137/160/121 176/69/121 174/68/121
f 176/69/122 137/160/122 136/161/122 175/71/122
f 133/162/123 135/159/123 174/68/123 172/74/123
f 175/71/124 136/161/124 134/163/124 173/75/124
f 131/164/125 133/162/125 172/74/125 170/78/125
f 173/75/126 134/163/126 132/165/126 171/79/126
f 166/86/127 187/166/127 185/167/127 168/82/127
f 186/168/128 188/169/128 167/87/128 169/83/128
f 131/164/129 170/78/129 168/82/129 185/167/129
f 169/83/130 171/79/130 132/165/130 186/168/130
f 144/170/131 190/171/131 189/172/131 187/166/131
f 189/172/132 190/171/132 145/173/132 188/169/132
f 185/167/133 187/166/133 189/172/133 69/174/133
f 189/172/134 188/169/134 186/168/134 69/174/134
f 130/175/135 131/164/135 185/167/135 69/174/135
f 186/168/135 132/165/135 130/175/135 69/174/135
f 142/176/136 193/177/136 191/178/136 144/170/136
f 192/179/137 194/180/137 143/181/137 145/173/137
f 140/182/138 195/183/138 193/177/138 142/176/138
f 194/180/139 196/184/139 141/185/139 143/181/139
f 139/186/140 197/187/140 195/183/140 140/182/140
f 196/184/141 198/188/141 139/186/141 141/185/141
f 138/189/142 71/190/142 197/187/142 139/186/142
f 198/188/143 71/190/143 138/189/143 139/186/143
f 190/171/144 144/170/144 191/178/144 70/191/144
f 192/179/145 145/173/145 190/171/145 70/191/145
f 70/191/146 191/178/146 206/192/146 208/193/146
f 207/194/147 192/179/147 70/191/147 208/193/147
f 71/190/148 199/195/148 200/196/148 197/187/148
f 201/197/149 199/195/149 71/190/149 198/188/149
f 197/187/150 200/196/150 202/198/150 195/183/150
f 203/199/151 201/197/151 198/188/151 196/184/151
f 195/183/152 202/198/152 204/200/152 193/177/152
f 205/201/153 203/199/153 196/184/153 194/180/153
f 193/177/154 204/200/154 206/192/154 191/178/154
f 207/194/155 205/201/155 194/180/155 192/179/155
f 199/195/156 204/200/156 202/198/156 200/196/156
f 203/199/157 205/201/157 199/195/157 201/197/157
f 199/195/158 208/193/158 206/192/158 204/200/158
f 207/194/159 208/193/159 199/195/159 205/201/159
f 139/186/160 140/182/160 164/92/160 177/152/160
f 165/96/161 141/185/161 139/186/161 177/152/161
f 140/182/162 142/176/162 211/202/162 164/92/162
f 212/203/163 143/181/163 141/185/163 165/96/163
f 142/176/164 144/170/164 213/204/164 211/202/164
f 214/205/165 145/173/165 143/181/165 212/203/165
f 144/170/166 187/166/166 166/86/166 213/204/166
f 167/87/167 188/169/167 145/173/167 214/205/167
f 81/85/168 209/206/168 213/204/168 166/86/168
f 214/205/169 210/207/169 82/88/169 167/87/169
f 209/206/170 215/208/170 211/202/170 213/204/170
f 212/203/171 216/209/171 210/207/171 214/205/171
f 79/89/172 164/92/172 211/202/172 215/208/172
f 212/203/173 165/96/173 80/95/173 216/209/173
f 131/164/174 130/175/174 72/210/174 222/211/174
f 72/210/175 130/175/175 132/165/175 223/212/175
f 133/162/176 131/164/176 222/211/176 220/213/176
f 223/212/177 132/165/177 134/163/177 221/214/177
f 135/159/178 133/162/178 220/213/178 218/215/178
f 221/214/179 134/163/179 136/161/179 219/216/179
f 137/160/180 135/159/180 218/215/180 217/217/180
f 219/216/181 136/161/181 137/160/181 217/217/181
f 217/217/182 218/215/182 229/218/182 231/219/182
f 230/220/183 219/216/183 217/217/183 231/219/183
f 218/215/184 220/213/184 227/221/184 229/218/184
f 228/222/185 221/214/185 219/216/185 230/220/185
f 220/213/186 222/211/186 225/223/186 227/221/186
f 226/224/187 223/212/187 221/214/187 228/222/187
f 222/211/188 72/210/188 224/225/188 225/223/188
f 224/225/189 72/210/189 223/212/189 226/224/189
f 224/225/190 231/219/190 229/218/190 225/223/190
f 230/220/191 231/219/191 224/225/191 226/224/191
f 225/223/192 229/218/192 227/221/192
f 228/222/193 230/220/193 226/224/193
f 183/157/194 181/151/194 234/226/194 232/227/194
f 235/228/195 182/153/195 184/158/195 233/229/195
f 112/154/196 183/157/196 232/227/196 254/230/196
f 233/229/197 184/158/197 113/155/197 255/231/197
f 110/131/198 112/154/198 254/230/198 256/232/198
f 255/231/199 113/155/199 111/134/199 257/233/199
f 181/151/200 114/149/200 252/234/200 234/226/200
f 253/235/201 115/150/201 182/153/201 235/228/201
f 114/149/202 116/147/202 250/236/202 252/234/202
f 251/237/203 117/148/203 115/150/203 253/235/203
f 116/147/204 118/145/204 248/238/204 250/236/204
f 249/239/205 119/146/205 117/148/205 251/237/205
f 118/145/206 120/143/206 246/240/206 248/238/206
f 247/241/207 121/144/207 119/146/207 249/239/207
f 120/143/208 122/141/208 244/242/208 246/240/208
f 245/243/209 123/142/209 121/144/209 247/241/209
f 122/141/210 124/139/210 242/244/210 244/242/210
f 243/245/211 125/140/211 123/142/211 245/243/211
f 124/139/212 126/137/212 240/246/212 242/244/212
f 241/247/213 127/138/213 125/140/213 243/245/213
f 126/137/214 179/135/214 236/248/214 240/246/214
f 237/249/215 180/136/215 127/138/215 241/247/215
f 179/135/216 128/132/216 238/250/216 236/248/216
f 239/251/217 129/133/217 180/136/217 237/249/217
f 128/132/218 110/131/218 256/232/218 238/250/218
f 257/233/219 111/134/219 129/133/219 239/251/219
f 238/250/220 256/232/220 258/252/220 276/253/220
f 259/254/221 257/233/221 239/251/221 277/255/221
f 236/248/222 238/250/222 276/253/222 278/256/222
f 277/255/223 239/251/223 237/249/223 279/257/223
f 240/246/224 236/248/224 278/256/224 274/258/224
f 279/257/225 237/249/225 241/247/225 275/259/225
f 242/244/226 240/246/226 274/258/226 272/260/226
f 275/259/227 241/247/227 243/245/227 273/261/227
f 244/242/228 242/244/228 272/260/228 270/262/228
f 273/261/229 243/245/229 245/243/229 271/263/229
f 246/240/230 244/242/230 270/262/230 268/264/230
f 271/263/231 245/243/231 247/241/231 269/265/231
f 248/238/232 246/240/232 268/264/232 266/266/232
f 269/265/233 247/241/233 249/239/233 267/267/233
f 250/236/234 248/238/234 266/266/234 264/268/234
f 267/267/235 249/239/235 251/237/235 265/269/235
f 252/234/236 250/236/236 264/268/236 262/270/236
f 265/269/237 251/237/237 253/235/237 263/271/237
f 234/226/238 252/234/238 262/270/238 280/272/238
f 263/271/239 253/235/239 235/228/239 281/273/239
f 256/232/240 254/230/240 260/274/240 258/252/240
f 261/275/241 255/231/241 257/233/241 259/254/241
f 254/230/242 232/227/242 282/276/242 260/274/242
f 283/277/243 233/229/243 255/231/243 261/275/243
f 232/227/244 234/226/244 280/272/244 282/276/244
f 281/273/245 235/228/245 233/229/245 283/277/245
f 67/129/246 108/125/246 284/278/246 73/279/246
f 285/280/247 109/128/247 67/129/247 73/279/247
f 108/125/248 106/121/248 286/281/248 284/278/248
f 287/282/249 107/124/249 109/128/249 285/280/249
f 106/121/250 104/117/250 288/283/250 286/281/250
f 289/284/251 105/120/251 107/124/251 287/282/251
f 104/117/252 102/113/252 290/285/252 288/283/252
f 291/286/253 103/116/253 105/120/253 289/284/253
f 102/113/254 100/109/254 292/287/254 290/285/254
f 293/288/255 101/112/255 103/116/255 291/286/255
f 100/109/256 98/105/256 294/289/256 292/287/256
f 295/290/257 99/108/257 101/112/257 293/288/257
f 98/105/258 96/101/258 296/291/258 294/289/258
f 297/292/259 97/104/259 99/108/259 295/290/259
f 96/101/260 94/97/260 298/293/260 296/291/260
f 299/294/261 95/100/261 97/104/261 297/292/261
f 94/97/262 92/90/262 300/295/262 298/293/262
f 301/296/263 93/94/263 95/100/263 299/294/263
f 308/297/264 309/298/264 328/299/264 338/300/264
f 329/301/265 309/302/265 308/303/265 339/304/265
f 307/305/266 308/297/266 338/300/266 336/306/266
f 339/304/267 308/303/267 307/307/267 337/308/267
f 306/309/268 307/305/268 336/306/268 340/310/268
f 337/308/269 307/307/269 306/309/269 341/311/269
f 89/67/270 91/70/270 306/309/270 340/310/270
f 306/309/271 91/70/271 90/72/271 341/311/271
f 87/73/272 89/67/272 340/310/272 334/312/272
f 341/311/273 90/72/273 88/76/273 335/313/273
f 85/77/274 87/73/274 334/312/274 330/314/274
f 335/313/275 88/76/275 86/80/275 331/315/275
f 83/81/276 85/77/276 330/314/276 332/316/276
f 331/315/277 86/80/277 84/84/277 333/317/277
f 330/314/278 336/306/278 338/300/278 332/316/278
f 339/304/279 337/308/279 331/315/279 333/317/279
f 330/314/280 334/312/280 340/310/280 336/306/280
f 341/311/281 335/313/281 331/315/281 337/308/281
f 326/318/282 332/316/282 338/300/282 328/299/282
f 339/304/283 333/317/283 327/319/283 329/301/283
f 81/85/284 83/81/284 332/316/284 326/318/284
f 333/317/285 84/84/285 82/88/285 327/319/285
f 209/206/286 342/320/286 344/321/286 215/208/286
f 345/322/287 343/323/287 210/207/287 216/209/287
f 81/85/288 326/318/288 342/320/288 209/206/288
f 343/323/289 327/319/289 82/88/289 210/207/289
f 79/89/290 215/208/290 344/321/290 346/324/290
f 345/322/291 216/209/291 80/95/291 347/325/291
f 79/89/292 346/324/292 300/295/292 92/90/292
f 301/296/293 347/325/293 80/95/293 93/94/293
f 77/326/294 324/327/294 352/328/294 304/329/294
f 353/330/295 325/331/295 77/332/295 304/333/295
f 304/329/296 352/328/296 350/334/296 78/335/296
f 351/336/297 353/330/297 304/333/297 78/337/297
f 78/335/298 350/334/298 348/338/298 305/339/298
f 349/340/299 351/336/299 78/337/299 305/341/299
f 305/339/300 348/338/300 328/299/300 309/298/300
f 329/301/301 349/340/301 305/341/301 309/302/301
f 326/318/302 328/299/302 348/338/302 342/320/302
f 349/340/303 329/301/303 327/319/303 343/323/303
f 296/291/304 298/293/304 318/342/304 310/343/304
f 319/344/305 299/294/305 297/292/305 311/345/305
f 76/346/306 316/347/306 324/327/306 77/326/306
f 325/331/307 317/348/307 76/349/307 77/332/307
f 302/350/308 358/351/308 356/352/308 303/353/308
f 357/354/309 359/355/309 302/356/309 303/357/309
f 303/353/310 356/352/310 354/358/310 75/359/310
f 355/360/311 357/354/311 303/357/311 75/361/311
f 75/359/312 354/358/312 316/347/312 76/346/312
f 317/348/313 355/360/313 75/361/313 76/349/313
f 292/362/314 294/289/314 362/363/314 364/364/314
f 363/365/315 295/290/315 293/366/315 365/367/315
f 364/364/316 362/363/316 368/368/316 366/369/316
f 369/370/317 363/365/317 365/367/317 367/371/317
f 366/369/318 368/368/318 370/372/318 372/373/318
f 371/374/319 369/370/319 367/371/319 373/375/319
f 372/373/320 370/372/320 376/376/320 374/377/320
f 377/378/321 371/374/321 373/375/321 375/379/321
f 314/380/322 378/381/322 374/377/322 376/376/322
f 375/379/323 379/382/323 315/383/323 377/378/323
f 316/347/324 354/358/324 374/377/324 378/381/324
f 375/379/325 355/360/325 317/348/325 379/382/325
f 354/358/326 356/352/326 372/373/326 374/377/326
f 373/375/327 357/354/327 355/360/327 375/379/327
f 356/352/328 358/351/328 366/369/328 372/373/328
f 367/371/329 359/355/329 357/354/329 373/375/329
f 358/351/330 360/384/330 364/364/330 366/369/330
f 365/367/331 361/385/331 359/355/331 367/371/331
f 290/386/332 292/362/332 364/364/332 360/384/332
f 365/367/333 293/366/333 291/387/333 361/385/333
f 74/388/334 360/384/334 358/351/334 302/350/334
f 359/355/335 361/385/335 74/389/335 302/356/335
f 284/390/336 286/391/336 288/392/336 290/386/336
f 289/393/337 287/394/337 285/395/337 291/387/337
f 284/390/338 290/386/338 360/384/338 74/388/338
f 361/385/339 291/387/339 285/395/339 74/389/339
f 73/396/340 284/390/340 74/388/340
f 74/389/341 285/395/341 73/397/341
f 294/289/342 296/291/342 310/343/342 362/363/342
f 311/345/343 297/292/343 295/290/343 363/365/343
f 310/343/344 312/398/344 368/368/344 362/363/344
f 369/370/345 313/399/345 311/345/345 363/365/345
f 312/398/346 382/400/346 370/372/346 368/368/346
f 371/374/347 383/401/347 313/399/347 369/370/347
f 314/380/348 376/376/348 370/372/348 382/400/348
f 371/374/349 377/378/349 315/383/349 383/401/349
f 348/338/350 350/334/350 386/402/350 384/403/350
f 387/404/351 351/336/351 349/340/351 385/405/351
f 318/342/352 384/403/352 386/402/352 320/406/352
f 387/404/353 385/405/353 319/344/353 321/407/353
f 298/293/354 300/295/354 384/403/354 318/342/354
f 385/405/355 301/296/355 299/294/355 319/344/355
f 300/295/356 344/321/356 342/320/356 384/403/356
f 343/323/357 345/322/357 301/296/357 385/405/357
f 342/320/358 348/338/358 384/403/358
f 385/405/359 349/340/359 343/323/359
f 300/295/360 346/324/360 344/321/360
f 345/322/361 347/325/361 301/296/361
f 314/380/362 322/408/362 380/409/362 378/381/362
f 381/410/363 323/411/363 315/383/363 379/382/363
f 316/347/364 378/381/364 380/409/364 324/327/364
f 381/410/365 379/382/365 317/348/365 325/331/365
f 320/406/366 386/402/366 380/409/366 322/408/366
f 381/410/367 387/404/367 321/407/367 323/411/367
f 350/334/368 352/328/368 380/409/368 386/402/368
f 381/410/369 353/330/369 351/336/369 387/404/369
f 324/327/370 380/409/370 352/328/370
f 353/330/371 381/410/371 325/331/371
f 400/412/372 388/413/372 414/414/372 402/415/372
f 415/416/373 389/417/373 401/418/373 403/419/373
f 400/412/374 402/415/374 404/420/374 398/421/374
f 405/422/375 403/419/375 401/418/375 399/423/375
f 398/421/376 404/420/376 406/424/376 396/425/376
f 407/426/377 405/422/377 399/423/377 397/427/377
f 396/425/378 406/424/378 408/428/378 394/429/378
f 409/430/379 407/426/379 397/427/379 395/431/379
f 394/429/380 408/428/380 410/432/380 392/433/380
f 411/434/381 409/430/381 395/431/381 393/435/381
f 392/433/382 410/432/382 412/436/382 390/437/382
f 413/438/383 411/434/383 393/435/383 391/439/383
f 410/432/384 420/440/384 418/441/384 412/436/384
f 419/442/385 421/443/385 411/434/385 413/438/385
f 408/428/386 422/444/386 420/440/386 410/432/386
f 421/443/387 423/445/387 409/430/387 411/434/387
f 406/424/388 424/446/388 422/444/388 408/428/388
f 423/445/389 425/447/389 407/426/389 409/430/389
f 404/420/390 426/448/390 424/446/390 406/424/390
f 425/447/391 427/449/391 405/422/391 407/426/391
f 402/415/392 428/450/392 426/448/392 404/420/392
f 427/449/393 429/451/393 403/419/393 405/422/393
f 402/415/394 414/414/394 416/452/394 428/450/394
f 417/453/395 415/416/395 403/419/395 429/451/395
f 318/342/396 320/406/396 444/454/396 442/455/396
f 445/456/397 321/407/397 319/344/397 443/457/397
f 320/458/398 390/437/398 412/436/398 444/459/398
f 413/438/399 391/439/399 321/460/399 445/461/399
f 310/343/400 318/342/400 442/455/400 312/398/400
f 443/457/401 319/344/401 311/345/401 313/399/401
f 382/462/402 430/463/402 414/414/402 388/413/402
f 415/416/403 431/464/403 383/465/403 389/417/403
f 412/436/404 418/441/404 440/466/404 444/459/404
f 441/467/405 419/442/405 413/438/405 445/461/405
f 438/468/406 446/469/406 444/459/406 440/466/406
f 445/461/407 447/470/407 439/471/407 441/467/407
f 434/472/408 446/469/408 438/468/408 436/473/408
f 439/471/409 447/470/409 435/474/409 437/475/409
f 432/476/410 448/477/410 446/469/410 434/472/410
f 447/470/411 449/478/411 433/479/411 435/474/411
f 430/463/412 448/477/412 432/476/412 450/480/412
f 433/479/413 449/478/413 431/464/413 451/481/413
f 414/414/414 430/463/414 450/480/414 416/452/414
f 451/481/415 431/464/415 415/416/415 417/453/415
f 312/398/416 448/482/416 430/483/416 382/400/416
f 431/484/417 449/485/417 313/399/417 383/401/417
f 312/398/418 442/455/418 446/486/418 448/482/418
f 447/487/419 443/457/419 313/399/419 449/485/419
f 442/455/420 444/454/420 446/486/420
f 447/487/421 445/456/421 443/457/421
f 416/452/422 450/480/422 452/488/422 476/489/422
f 453/490/423 451/481/423 417/453/423 477/491/423
f 450/480/424 432/476/424 462/492/424 452/488/424
f 463/493/425 433/479/425 451/481/425 453/490/425
f 432/476/426 434/472/426 460/494/426 462/492/426
f 461/495/427 435/474/427 433/479/427 463/493/427
f 434/472/428 436/473/428 458/496/428 460/494/428
f 459/497/429 437/475/429 435/474/429 461/495/429
f 436/473/430 438/468/430 456/498/430 458/496/430
f 457/499/431 439/471/431 437/475/431 459/497/431
f 438/468/432 440/466/432 454/500/432 456/498/432
f 455/501/433 441/467/433 439/471/433 457/499/433
f 440/466/434 418/441/434 474/502/434 454/500/434
f 475/503/435 419/442/435 441/467/435 455/501/435
f 428/450/436 416/452/436 476/489/436 464/504/436
f 477/491/437 417/453/437 429/451/437 465/505/437
f 426/448/438 428/450/438 464/504/438 466/506/438
f 465/505/439 429/451/439 427/449/439 467/507/439
f 424/446/440 426/448/440 466/506/440 468/508/440
f 467/507/441 427/449/441 425/447/441 469/509/441
f 422/444/442 424/446/442 468/508/442 470/510/442
f 469/509/443 425/447/443 423/445/443 471/511/443
f 420/440/444 422/444/444 470/510/444 472/512/444
f 471/511/445 423/445/445 421/443/445 473/513/445
f 418/441/446 420/440/446 472/512/446 474/502/446
f 473/513/447 421/443/447 419/442/447 475/503/447
f 458/496/448 456/498/448 480/514/448 478/515/448
f 481/516/449 457/499/449 459/497/449 479/517/449
f 478/515/450 480/514/450 482/518/450 484/519/450
f 483/520/451 481/516/451 479/517/451 485/521/451
f 484/519/452 482/518/452 488/522/452 486/523/452
f 489/524/453 483/520/453 485/521/453 487/525/453
f 486/523/454 488/522/454 490/526/454 492/527/454
f 491/528/455 489/524/455 487/525/455 493/529/455
f 464/504/456 476/489/456 486/523/456 492/527/456
f 487/525/457 477/491/457 465/505/457 493/529/457
f 452/488/458 484/519/458 486/523/458 476/489/458
f 487/525/459 485/521/459 453/490/459 477/491/459
f 452/488/460 462/492/460 478/515/460 484/519/460
f 479/517/461 463/493/461 453/490/461 485/521/461
f 458/496/462 478/515/462 462/492/462 460/494/462
f 463/493/463 479/517/463 459/497/463 461/495/463
f 454/500/464 474/502/464 480/514/464 456/498/464
f 481/516/465 475/503/465 455/501/465 457/499/465
f 472/512/466 482/518/466 480/514/466 474/502/466
f 481/516/467 483/520/467 473/513/467 475/503/467
f 470/510/468 488/522/468 482/518/468 472/512/468
f 483/520/469 489/524/469 471/511/469 473/513/469
f 468/508/470 490/526/470 488/522/470 470/510/470
f 489/524/471 491/528/471 469/509/471 471/511/471
f 466/506/472 492/527/472 490/526/472 468/508/472
f 491/528/473 493/529/473 467/507/473 469/509/473
f 464/504/474 492/527/474 466/506/474
f 467/507/475 493/529/475 465/505/475
f 392/433/476 390/437/476 504/530/476 502/531/476
f 505/532/477 391/439/477 393/435/477 503/533/477
f 394/429/478 392/433/478 502/531/478 500/534/478
f 503/533/479 393/435/479 395/431/479 501/535/479
f 396/425/480 394/429/480 500/534/480 498/536/480
f 501/535/481 395/431/481 397/427/481 499/537/481
f 398/538/482 396/425/482 498/536/482 496/539/482
f 499/537/483 397/427/483 399/540/483 497/541/483
f 400/542/484 398/538/484 496/539/484 494/543/484
f 497/541/485 399/540/485 401/544/485 495/545/485
f 388/546/486 400/542/486 494/543/486 506/547/486
f 495/545/487 401/544/487 389/548/487 507/549/487
f 494/543/488 502/531/488 504/530/488 506/547/488
f 505/532/489 503/533/489 495/545/489 507/549/489
f 494/543/490 496/539/490 500/534/490 502/531/490
f 501/535/491 497/541/491 495/545/491 503/533/491
f 496/539/492 498/536/492 500/534/492
f 501/535/493 499/537/493 497/541/493
f 314/550/494 382/551/494 388/546/494 506/547/494
f 389/548/495 383/552/495 315/553/495 507/549/495
f 314/550/496 506/547/496 504/530/496 322/554/496
f 505/532/497 507/549/497 315/553/497 323/555/497
f 320/458/498 322/554/498 504/530/498 390/437/498
f 505/532/499 323/555/499 321/460/499 391/439/499
o Cone
v 0.000000 0.848317 -1.000000
v 0.195090 0.848317 -0.980785
v 0.382683 0.848317 -0.923880
v 0.555570 0.848317 -0.831470
v 0.707107 0.848317 -0.707107
v 0.831470 0.848317 -0.555570
v 0.923880 0.848317 -0.382683
v 0.980785 0.848317 -0.195090
v 1.000000 0.848317 0.000000
v 0.980785 0.848317 0.195090
v 0.923880 0.848317 0.382683
v 0.831470 0.848317 0.555570
v 0.707107 0.848317 0.707107
v 0.555570 0.848317 0.831470
v 0.382683 0.848317 0.923880
v 0.195090 0.848317 0.980785
v 0.000000 0.848317 1.000000
v -0.195090 0.848317 0.980785
v -0.382683 0.848317 0.923880
v -0.555570 0.848317 0.831470
v -0.707107 0.848317 0.707107
v -0.831470 0.848317 0.555570
v -0.923880 0.848317 0.382683
v -0.980785 0.848317 0.195090
v -1.000000 0.848317 0.000000
v -0.980785 0.848317 -0.195090
v -0.923880 0.848317 -0.382683
v -0.831470 0.848317 -0.555570
v -0.707107 0.848317 -0.707107
v -0.555570 0.848317 -0.831470
v -0.382683 0.848317 -0.923880
v -0.195090 0.848317 -0.980785
v 0.000000 2.848317 0.000000
vn 0.0878 0.4455 -0.8910
vn 0.2599 0.4455 -0.8567
vn 0.4220 0.4455 -0.7896
vn 0.5680 0.4455 -0.6921
vn 0.6921 0.4455 -0.5680
vn 0.7896 0.4455 -0.4220
vn 0.8567 0.4455 -0.2599
vn 0.8910 0.4455 -0.0878
vn 0.8910 0.4455 0.0878
vn 0.8567 0.4455 0.2599
vn 0.7896 0.4455 0.4220
vn 0.6921 0.4455 0.5680
vn 0.5680 0.4455 0.6921
vn 0.4220 0.4455 0.7896
vn 0.2599 0.4455 0.8567
vn 0.0878 0.4455 0.8910
vn -0.0878 0.4455 0.8910
vn -0.2599 0.4455 0.8567
vn -0.4220 0.4455 0.7896
vn -0.5680 0.4455 0.6921
vn -0.6921 0.4455 0.5680
vn -0.7896 0.4455 0.4220
vn -0.8567 0.4455 0.2599
vn -0.8910 0.4455 0.0878
vn -0.8910 0.4455 -0.0878
vn -0.8567 0.4455 -0.2599
vn -0.7896 0.4455 -0.4220
vn -0.6921 0.4455 -0.5680
vn -0.5680 0.4455 -0.6921
vn -0.4220 0.4455 -0.7896
vn -0.0000 -1.0000 -0.0000
vn -0.2599 0.4455 -0.8567
vn -0.0878 0.4455 -0.8910
vt 0.250000 0.490000
vt 0.250000 0.250000
vt 0.296822 0.485388
vt 0.341844 0.471731
vt 0.383337 0.449553
vt 0.419706 0.419706
vt 0.449553 0.383337
vt 0.471731 0.341844
vt 0.485388 0.296822
vt 0.490000 0.250000
vt 0.485388 0.203178
vt 0.471731 0.158156
vt 0.449553 0.116663
vt 0.419706 0.080294
vt 0.383337 0.050447
vt 0.341844 0.028269
vt 0.296822 0.014612
vt 0.250000 0.010000
vt 0.203178 0.014612
vt 0.158156 0.028269
vt 0.116663 0.050447
vt 0.080294 0.080294
vt 0.050447 0.116663
vt 0.028269 0.158156
vt 0.014612 0.203178
vt 0.010000 0.250000
vt 0.014612 0.296822
vt 0.028269 0.341844
vt 0.050447 0.383337
vt 0.080294 0.419706
vt 0.116663 0.449553
vt 0.158156 0.471731
vt 0.750000 0.490000
vt 0.796822 0.485388
vt 0.841844 0.471731
vt 0.883337 0.449553
vt 0.919706 0.419706
vt 0.949553 0.383337
vt 0.971731 0.341844
vt 0.985388 0.296822
vt 0.990000 0.250000
vt 0.985388 0.203178
vt 0.971731 0.158156
vt 0.949553 0.116663
vt 0.919706 0.080294
vt 0.883337 0.050447
vt 0.841844 0.028269
vt 0.796822 0.014612
vt 0.750000 0.010000
vt 0.703178 0.014612
vt 0.658156 0.028269
vt 0.616663 0.050447
vt 0.580294 0.080294
vt 0.550447 0.116663
vt 0.528269 0.158156
vt 0.514612 0.203178
vt 0.510000 0.250000
vt 0.514612 0.296822
vt 0.528269 0.341844
vt 0.550447 0.383337
vt 0.580294 0.419706
vt 0.616663 0.449553
vt 0.658156 0.471731
vt 0.703178 0.485388
vt 0.203178 0.485388
s 0
f 508/556/500 540/557/500 509/558/500
f 509/558/501 540/557/501 510/559/501
f 510/559/502 540/557/502 511/560/502
f 511/560/503 540/557/503 512/561/503
f 512/561/504 540/557/504 513/562/504
f 513/562/505 540/557/505 514/563/505
f 514/563/506 540/557/506 515/564/506
f 515/564/507 540/557/507 516/565/507
f 516/565/508 540/557/508 517/566/508
f 517/566/509 540/557/509 518/567/509
f 518/567/510 540/557/510 519/568/510
f 519/568/511 540/557/511 520/569/511
f 520/569/512 540/557/512 521/570/512
f 521/570/513 540/557/513 522/571/513
f 522/571/514 540/557/514 523/572/514
f 523/572/515 540/557/515 524/573/515
f 524/573/516 540/557/516 525/574/516
f 525/574/517 540/557/517 526/575/517
f 526/575/518 540/557/518 527/576/518
f 527/576/519 540/557/519 528/577/519
f 528/577/520 540/557/520 529/578/520
f 529/578/521 540/557/521 530/579/521
f 530/579/522 540/557/522 531/580/522
f 531/580/523 540/557/523 532/581/523
f 532/581/524 540/557/524 533/582/524
f 533/582/525 540/557/525 534/583/525
f 534/583/526 540/557/526 535/584/526
f 535/584/527 540/557/527 536/585/527
f 536/585/528 540/557/528 537/586/528
f 537/586/529 540/557/529 538/587/529
f 508/588/530 509/589/530 510/590/530 511/591/530 512/592/530 513/593/530 514/594/530 515/595/530 516/596/530 517/597/530 518/598/530 519/599/530 520/600/530 521/601/530 522/602/530 523/603/530 524/604/530 525/605/530 526/606/530 527/607/530 528/608/530 529/609/530 530/610/530 531/611/530 532/612/530 533/613/530 534/614/530 535/615/530 536/616/530 537/617/530 538/618/530 539/619/530
f 538/587/531 540/557/531 539/620/531
f 539/620/532 540/557/532 508/556/532
o Torus
v 1.250000 0.874159 0.000000
v 1.216506 0.999159 0.000000
v 1.125000 1.090665 0.000000
v 1.000000 1.124159 0.000000
v 0.875000 1.090665 0.000000
v 0.783494 0.999159 0.000000
v 0.750000 0.874159 0.000000
v 0.783494 0.749159 0.000000
v 0.875000 0.657653 0.000000
v 1.000000 0.624159 0.000000
v 1.125000 0.657653 0.000000
v 1.216506 0.749159 0.000000
v 1.239306 0.874159 -0.163158
v 1.206099 0.999159 -0.158786
v 1.115376 1.090665 -0.146842
v 0.991445 1.124159 -0.130526
v 0.867514 1.090665 -0.114210
v 0.776791 0.999159 -0.102266
v 0.743584 0.874159 -0.097895
v 0.776791 0.749159 -0.102266
v 0.867514 0.657653 -0.114210
v 0.991445 0.624159 -0.130526
v 1.115376 0.657653 -0.146842
v 1.206099 0.749159 -0.158786
v 1.207407 0.874159 -0.323524
v 1.175055 0.999159 -0.314855
v 1.086667 1.090665 -0.291171
v 0.965926 1.124159 -0.258819
v 0.845185 1.090665 -0.226467
v 0.756797 0.999159 -0.202783
v 0.724444 0.874159 -0.194114
v 0.756797 0.749159 -0.202783
v 0.845185 0.657653 -0.226467
v 0.965926 0.624159 -0.258819
v 1.086667 0.657653 -0.291171
v 1.175055 0.749159 -0.314855
v 1.154849 0.874159 -0.478354
v 1.123905 0.999159 -0.465537
v 1.039364 1.090665 -0.430519
v 0.923880 1.124159 -0.382683
v 0.808395 1.090665 -0.334848
v 0.723854 0.999159 -0.299830
v 0.692910 0.874159 -0.287013
v 0.723854 0.749159 -0.299830
v 0.808395 0.657653 -0.334848
v 0.923880 0.624159 -0.382683
v 1.039364 0.657653 -0.430519
v 1.123905 0.749159 -0.465537
v 1.082532 0.874159 -0.625000
v 1.053525 0.999159 -0.608253
v 0.974279 1.090665 -0.562500
v 0.866025 1.124159 -0.500000
v 0.757772 1.090665 -0.437500
v 0.678525 0.999159 -0.391747
v 0.649519 0.874159 -0.375000
v 0.678525 0.749159 -0.391747
v 0.757772 0.657653 -0.437500
v 0.866025 0.624159 -0.500000
v 0.974279 0.657653 -0.562500
v 1.053525 0.749159 -0.608253
v 0.991692 0.874159 -0.760952
v 0.965119 0.999159 -0.740562
v 0.892523 1.090665 -0.684856
v 0.793353 1.124159 -0.608761
v 0.694184 1.090665 -0.532666
v 0.621587 0.999159 -0.476961
v 0.595015 0.874159 -0.456571
v 0.621587 0.749159 -0.476961
v 0.694184 0.657653 -0.532666
v 0.793353 0.624159 -0.608761
v 0.892523 0.657653 -0.684856
v 0.965119 0.749159 -0.740562
v 0.883883 0.874159 -0.883884
v 0.860200 0.999159 -0.860200
v 0.795495 1.090665 -0.795495
v 0.707107 1.124159 -0.707107
v 0.618718 1.090665 -0.618719
v 0.554014 0.999159 -0.554014
v 0.530330 0.874159 -0.530330
v 0.554014 0.749159 -0.554014
v 0.618718 0.657653 -0.618719
v 0.707107 0.624159 -0.707107
v 0.795495 0.657653 -0.795495
v 0.860200 0.749159 -0.860200
v 0.760952 0.874159 -0.991691
v 0.740562 0.999159 -0.965119
v 0.684857 1.090665 -0.892522
v 0.608762 1.124159 -0.793353
v 0.532666 1.090665 -0.694184
v 0.476961 0.999159 -0.621587
v 0.456571 0.874159 -0.595015
v 0.476961 0.749159 -0.621587
v 0.532666 0.657653 -0.694184
v 0.608762 0.624159 -0.793353
v 0.684857 0.657653 -0.892522
v 0.740562 0.749159 -0.965119
v 0.625000 0.874159 -1.082532
v 0.608253 0.999159 -1.053525
v 0.562500 1.090665 -0.974279
v 0.500000 1.124159 -0.866025
v 0.437500 1.090665 -0.757772
v 0.391747 0.999159 -0.678525
v 0.375000 0.874159 -0.649519
v 0.391747 0.749159 -0.678525
v 0.437500 0.657653 -0.757772
v 0.500000 0.624159 -0.866025
v 0.562500 0.657653 -0.974279
v 0.608253 0.749159 -1.053525
v 0.478355 0.874159 -1.154849
v 0.465537 0.999159 -1.123905
v 0.430519 1.090665 -1.039364
v 0.382684 1.124159 -0.923879
v 0.334848 1.090665 -0.808394
v 0.299830 0.999159 -0.723854
v 0.287013 0.874159 -0.692910
v 0.299830 0.749159 -0.723854
v 0.334848 0.657653 -0.808394
v 0.382684 0.624159 -0.923879
v 0.430519 0.657653 -1.039364
v 0.465537 0.749159 -1.123905
v 0.323524 0.874159 -1.207407
v 0.314855 0.999159 -1.175055
v 0.291171 1.090665 -1.086667
v 0.258819 1.124159 -0.965926
v 0.226467 1.090665 -0.845185
v 0.202783 0.999159 -0.756797
v 0.194114 0.874159 -0.724444
v 0.202783 0.749159 -0.756797
v 0.226467 0.657653 -0.845185
v 0.258819 0.624159 -0.965926
v 0.291171 0.657653 -1.086667
v 0.314855 0.749159 -1.175055
v 0.163158 0.874159 -1.239306
v 0.158786 0.999159 -1.206099
v 0.146842 1.090665 -1.115376
v 0.130526 1.124159 -0.991445
v 0.114210 1.090665 -0.867514
v 0.102266 0.999159 -0.776791
v 0.097895 0.874159 -0.743584
v 0.102266 0.749159 -0.776791
v 0.114210 0.657653 -0.867514
v 0.130526 0.624159 -0.991445
v 0.146842 0.657653 -1.115376
v 0.158786 0.749159 -1.206099
v 0.000000 0.874159 -1.250000
v 0.000000 0.999159 -1.216506
v 0.000000 1.090665 -1.125000
v 0.000000 1.124159 -1.000000
v 0.000000 1.090665 -0.875000
v 0.000000 0.999159 -0.783494
v 0.000000 0.874159 -0.750000
v 0.000000 0.749159 -0.783494
v 0.000000 0.657653 -0.875000
v 0.000000 0.624159 -1.000000
v 0.000000 0.657653 -1.125000
v 0.000000 0.749159 -1.216506
v -0.163158 0.874159 -1.239306
v -0.158786 0.999159 -1.206099
v -0.146842 1.090665 -1.115375
v -0.130526 1.124159 -0.991445
v -0.114211 1.090665 -0.867514
v -0.102267 0.999159 -0.776791
v -0.097895 0.874159 -0.743584
v -0.102267 0.749159 -0.776791
v -0.114211 0.657653 -0.867514
v -0.130526 0.624159 -0.991445
v -0.146842 0.657653 -1.115375
v -0.158786 0.749159 -1.206099
v -0.323524 0.874159 -1.207407
v -0.314855 0.999159 -1.175055
v -0.291171 1.090665 -1.086667
v -0.258819 1.124159 -0.965926
v -0.226467 1.090665 -0.845185
v -0.202783 0.999159 -0.756797
v -0.194114 0.874159 -0.724444
v -0.202783 0.749159 -0.756797
v -0.226467 0.657653 -0.845185
v -0.258819 0.624159 -0.965926
v -0.291171 0.657653 -1.086667
v -0.314855 0.749159 -1.175055
v -0.478354 0.874159 -1.154849
v -0.465537 0.999159 -1.123905
v -0.430519 1.090665 -1.039364
v -0.382684 1.124159 -0.923880
v -0.334848 1.090665 -0.808395
v -0.299830 0.999159 -0.723854
v -0.287013 0.874159 -0.692910
v -0.299830 0.749159 -0.723854
v -0.334848 0.657653 -0.808395
v -0.382684 0.624159 -0.923880
v -0.430519 0.657653 -1.039364
v -0.465537 0.749159 -1.123905
v -0.625000 0.874159 -1.082532
v -0.608253 0.999159 -1.053526
v -0.562500 1.090665 -0.974279
v -0.500000 1.124159 -0.866026
v -0.437500 1.090665 -0.757772
v -0.391747 0.999159 -0.678525
v -0.375000 0.874159 -0.649519
v -0.391747 0.749159 -0.678525
v -0.437500 0.657653 -0.757772
v -0.500000 0.624159 -0.866026
v -0.562500 0.657653 -0.974279
v -0.608253 0.749159 -1.053526
v -0.760952 0.874159 -0.991692
v -0.740562 0.999159 -0.965119
v -0.684857 1.090665 -0.892522
v -0.608761 1.124159 -0.793353
v -0.532666 1.090665 -0.694184
v -0.476961 0.999159 -0.621587
v -0.456571 0.874159 -0.595015
v -0.476961 0.749159 -0.621587
v -0.532666 0.657653 -0.694184
v -0.608761 0.624159 -0.793353
v -0.684857 0.657653 -0.892522
v -0.740562 0.749159 -0.965119
v -0.883884 0.874159 -0.883883
v -0.860200 0.999159 -0.860200
v -0.795495 1.090665 -0.795495
v -0.707107 1.124159 -0.707107
v -0.618719 1.090665 -0.618718
v -0.554014 0.999159 -0.554013
v -0.530330 0.874159 -0.530330
v -0.554014 0.749159 -0.554013
v -0.618719 0.657653 -0.618718
v -0.707107 0.624159 -0.707107
v -0.795495 0.657653 -0.795495
v -0.860200 0.749159 -0.860200
v -0.991692 0.874159 -0.760952
v -0.965119 0.999159 -0.740562
v -0.892522 1.090665 -0.684857
v -0.793353 1.124159 -0.608761
v -0.694184 1.090665 -0.532666
v -0.621587 0.999159 -0.476961
v -0.595015 0.874159 -0.456571
v -0.621587 0.749159 -0.476961
v -0.694184 0.657653 -0.532666
v -0.793353 0.624159 -0.608761
v -0.892522 0.657653 -0.684857
v -0.965119 0.749159 -0.740562
v -1.082532 0.874159 -0.625000
v -1.053525 0.999159 -0.608253
v -0.974278 1.090665 -0.562500
v -0.866025 1.124159 -0.500000
v -0.757772 1.090665 -0.437500
v -0.678525 0.999159 -0.391747
v -0.649519 0.874159 -0.375000
v -0.678525 0.749159 -0.391747
v -0.757772 0.657653 -0.437500
v -0.866025 0.624159 -0.500000
v -0.974278 0.657653 -0.562500
v -1.053525 0.749159 -0.608253
v -1.154849 0.874159 -0.478354
v -1.123905 0.999159 -0.465537
v -1.039364 1.090665 -0.430519
v -0.923880 1.124159 -0.382683
v -0.808395 1.090665 -0.334848
v -0.723854 0.999159 -0.299830
v -0.692910 0.874159 -0.287013
v -0.723854 0.749159 -0.299830
v -0.808395 0.657653 -0.334848
v -0.923880 0.624159 -0.382683
v -1.039364 0.657653 -0.430519
v -1.123905 0.749159 -0.465537
v -1.207407 0.874159 -0.323524
v -1.175055 0.999159 -0.314855
v -1.086667 1.090665 -0.291171
v -0.965926 1.124159 -0.258819
v -0.845185 1.090665 -0.226467
v -0.756797 0.999159 -0.202783
v -0.724444 0.874159 -0.194114
v -0.756797 0.749159 -0.202783
v -0.845185 0.657653 -0.226467
v -0.965926 0.624159 -0.258819
v -1.086667 0.657653 -0.291171
v -1.175055 0.749159 -0.314855
v -1.239306 0.874159 -0.163158
v -1.206099 0.999159 -0.158786
v -1.115375 1.090665 -0.146842
v -0.991445 1.124159 -0.130526
v -0.867514 1.090665 -0.114211
v -0.776791 0.999159 -0.102267
v -0.743584 0.874159 -0.097895
v -0.776791 0.749159 -0.102267
v -0.867514 0.657653 -0.114211
v -0.991445 0.624159 -0.130526
v -1.115375 0.657653 -0.146842
v -1.206099 0.749159 -0.158786
v -1.250000 0.874159 -0.000000
v -1.216506 0.999159 -0.000000
v -1.125000 1.090665 -0.000000
v -1.000000 1.124159 -0.000000
v -0.875000 1.090665 -0.000000
v -0.783494 0.999159 -0.000000
v -0.750000 0.874159 -0.000000
v -0.783494 0.749159 -0.000000
v -0.875000 0.657653 -0.000000
v -1.000000 0.624159 -0.000000
v -1.125000 0.657653 -0.000000
v -1.216506 0.749159 -0.000000
v -1.239306 0.874159 0.163158
v -1.206099 0.999159 0.158786
v -1.115375 1.090665 0.146842
v -0.991445 1.124159 0.130526
v -0.867514 1.090665 0.114211
v -0.776791 0.999159 0.102267
v -0.743584 0.874159 0.097895
v -0.776791 0.749159 0.102267
v -0.867514 0.657653 0.114211
v -0.991445 0.624159 0.130526
v -1.115375 0.657653 0.146842
v -1.206099 0.749159 0.158786
v -1.207407 0.874159 0.323524
v -1.175055 0.999159 0.314855
v -1.086667 1.090665 0.291171
v -0.965926 1.124159 0.258819
v -0.845185 1.090665 0.226467
v -0.756797 0.999159 0.202783
v -0.724444 0.874159 0.194114
v -0.756797 0.749159 0.202783
v -0.845185 0.657653 0.226467
v -0.965926 0.624159 0.258819
v -1.086667 0.657653 0.291171
v -1.175055 0.749159 0.314855
v -1.154850 0.874159 0.478354
v -1.123906 0.999159 0.465536
v -1.039365 1.090665 0.430518
v -0.923880 1.124159 0.382683
v -0.808395 1.090665 0.334848
v -0.723854 0.999159 0.299830
v -0.692910 0.874159 0.287012
v -0.723854 0.749159 0.299830
v -0.808395 0.657653 0.334848
v -0.923880 0.624159 0.382683
v -1.039365 0.657653 0.430518
v -1.123906 0.749159 0.465536
v -1.082532 0.874159 0.625000
v -1.053526 0.999159 0.608253
v -0.974279 1.090665 0.562500
v -0.866026 1.124159 0.500000
v -0.757772 1.090665 0.437500
v -0.678525 0.999159 0.391747
v -0.649519 0.874159 0.375000
v -0.678525 0.749159 0.391747
v -0.757772 0.657653 0.437500
v -0.866026 0.624159 0.500000
v -0.974279 0.657653 0.562500
v -1.053526 0.749159 0.608253
v -0.991692 0.874159 0.760952
v -0.965119 0.999159 0.740562
v -0.892522 1.090665 0.684857
v -0.793353 1.124159 0.608761
v -0.694184 1.090665 0.532666
v -0.621587 0.999159 0.476961
v -0.595015 0.874159 0.456571
v -0.621587 0.749159 0.476961
v -0.694184 0.657653 0.532666
v -0.793353 0.624159 0.608761
v -0.892522 0.657653 0.684857
v -0.965119 0.749159 0.740562
v -0.883884 0.874159 0.883883
v -0.860200 0.999159 0.860200
v -0.795495 1.090665 0.795495
v -0.707107 1.124159 0.707107
v -0.618719 1.090665 0.618718
v -0.554014 0.999159 0.554013
v -0.530330 0.874159 0.530330
v -0.554014 0.749159 0.554013
v -0.618719 0.657653 0.618718
v -0.707107 0.624159 0.707107
v -0.795495 0.657653 0.795495
v -0.860200 0.749159 0.860200
v -0.760952 0.874159 0.991691
v -0.740563 0.999159 0.965119
v -0.684857 1.090665 0.892522
v -0.608762 1.124159 0.793353
v -0.532667 1.090665 0.694184
v -0.476961 0.999159 0.621587
v -0.456571 0.874159 0.595015
v -0.476961 0.749159 0.621587
v -0.532667 0.657653 0.694184
v -0.608762 0.624159 0.793353
v -0.684857 0.657653 0.892522
v -0.740563 0.749159 0.965119
v -0.625000 0.874159 1.082532
v -0.608253 0.999159 1.053526
v -0.562500 1.090665 0.974279
v -0.500000 1.124159 0.866026
v -0.437500 1.090665 0.757772
v -0.391747 0.999159 0.678525
v -0.375000 0.874159 0.649519
v -0.391747 0.749159 0.678525
v -0.437500 0.657653 0.757772
v -0.500000 0.624159 0.866026
v -0.562500 0.657653 0.974279
v -0.608253 0.749159 1.053526
v -0.478354 0.874159 1.154849
v -0.465537 0.999159 1.123905
v -0.430519 1.090665 1.039364
v -0.382684 1.124159 0.923880
v -0.334848 1.090665 0.808395
v -0.299830 0.999159 0.723854
v -0.287013 0.874159 0.692910
v -0.299830 0.749159 0.723854
v -0.334848 0.657653 0.808395
v -0.382684 0.624159 0.923880
v -0.430519 0.657653 1.039364
v -0.465537 0.749159 1.123905
v -0.323524 0.874159 1.207407
v -0.314855 0.999159 1.175055
v -0.291172 1.090665 1.086666
v -0.258819 1.124159 0.965926
v -0.226467 1.090665 0.845185
v -0.202783 0.999159 0.756797
v -0.194115 0.874159 0.724444
v -0.202783 0.749159 0.756797
v -0.226467 0.657653 0.845185
v -0.258819 0.624159 0.965926
v -0.291172 0.657653 1.086666
v -0.314855 0.749159 1.175055
v -0.163158 0.874159 1.239306
v -0.158787 0.999159 1.206099
v -0.146843 1.090665 1.115375
v -0.130527 1.124159 0.991445
v -0.114211 1.090665 0.867514
v -0.102267 0.999159 0.776791
v -0.097895 0.874159 0.743584
v -0.102267 0.749159 0.776791
v -0.114211 0.657653 0.867514
v -0.130527 0.624159 0.991445
v -0.146843 0.657653 1.115375
v -0.158787 0.749159 1.206099
v 0.000000 0.874159 1.250000
v 0.000000 0.999159 1.216506
v 0.000000 1.090665 1.125000
v 0.000000 1.124159 1.000000
v 0.000000 1.090665 0.875000
v 0.000000 0.999159 0.783494
v 0.000000 0.874159 0.750000
v 0.000000 0.749159 0.783494
v 0.000000 0.657653 0.875000
v 0.000000 0.624159 1.000000
v 0.000000 0.657653 1.125000
v 0.000000 0.749159 1.216506
v 0.163158 0.874159 1.239306
v 0.158786 0.999159 1.206099
v 0.146842 1.090665 1.115376
v 0.130526 1.124159 0.991445
v 0.114210 1.090665 0.867514
v 0.102266 0.999159 0.776791
v 0.097895 0.874159 0.743584
v 0.102266 0.749159 0.776791
v 0.114210 0.657653 0.867514
v 0.130526 0.624159 0.991445
v 0.146842 0.657653 1.115376
v 0.158786 0.749159 1.206099
v 0.323523 0.874159 1.207407
v 0.314854 0.999159 1.175055
v 0.291171 1.090665 1.086667
v 0.258819 1.124159 0.965926
v 0.226466 1.090665 0.845185
v 0.202783 0.999159 0.756797
v 0.194114 0.874159 0.724444
v 0.202783 0.749159 0.756797
v 0.226466 0.657653 0.845185
v 0.258819 0.624159 0.965926
v 0.291171 0.657653 1.086667
v 0.314854 0.749159 1.175055
v 0.478355 0.874159 1.154849
v 0.465537 0.999159 1.123905
v 0.430519 1.090665 1.039364
v 0.382684 1.124159 0.923879
v 0.334848 1.090665 0.808394
v 0.299830 0.999159 0.723854
v 0.287013 0.874159 0.692910
v 0.299830 0.749159 0.723854
v 0.334848 0.657653 0.808394
v 0.382684 0.624159 0.923879
v 0.430519 0.657653 1.039364
v 0.465537 0.749159 1.123905
v 0.625000 0.874159 1.082532
v 0.608253 0.999159 1.053525
v 0.562500 1.090665 0.974279
v 0.500000 1.124159 0.866025
v 0.437500 1.090665 0.757772
v 0.391747 0.999159 0.678525
v 0.375000 0.874159 0.649519
v 0.391747 0.749159 0.678525
v 0.437500 0.657653 0.757772
v 0.500000 0.624159 0.866025
v 0.562500 0.657653 0.974279
v 0.608253 0.749159 1.053525
v 0.760952 0.874159 0.991692
v 0.740562 0.999159 0.965120
v 0.684856 1.090665 0.892523
v 0.608761 1.124159 0.793353
v 0.532666 1.090665 0.694184
v 0.476961 0.999159 0.621587
v 0.456571 0.874159 0.595015
v 0.476961 0.749159 0.621587
v 0.532666 0.657653 0.694184
v 0.608761 0.624159 0.793353
v 0.684856 0.657653 0.892523
v 0.740562 0.749159 0.965120
v 0.883883 0.874159 0.883884
v 0.860199 0.999159 0.860200
v 0.795495 1.090665 0.795496
v 0.707106 1.124159 0.707107
v 0.618718 1.090665 0.618719
v 0.554013 0.999159 0.554014
v 0.530330 0.874159 0.530330
v 0.554013 0.749159 0.554014
v 0.618718 0.657653 0.618719
v 0.707106 0.624159 0.707107
v 0.795495 0.657653 0.795496
v 0.860199 0.749159 0.860200
v 0.991692 0.874159 0.760952
v 0.965119 0.999159 0.740562
v 0.892523 1.090665 0.684856
v 0.793353 1.124159 0.608761
v 0.694184 1.090665 0.532666
v 0.621587 0.999159 0.476961
v 0.595015 0.874159 0.456571
v 0.621587 0.749159 0.476961
v 0.694184 0.657653 0.532666
v 0.793353 0.624159 0.608761
v 0.892523 0.657653 0.684856
v 0.965119 0.749159 0.740562
v 1.082532 0.874159 0.625000
v 1.053525 0.999159 0.608253
v 0.974279 1.090665 0.562500
v 0.866025 1.124159 0.500000
v 0.757772 1.090665 0.437500
v 0.678525 0.999159 0.391747
v 0.649519 0.874159 0.375000
v 0.678525 0.749159 0.391747
v 0.757772 0.657653 0.437500
v 0.866025 0.624159 0.500000
v 0.974279 0.657653 0.562500
v 1.053525 0.749159 0.608253
v 1.154849 0.874159 0.478355
v 1.123905 0.999159 0.465537
v 1.039364 1.090665 0.430519
v 0.923879 1.124159 0.382684
v 0.808394 1.090665 0.334848
v 0.723854 0.999159 0.299830
v 0.692910 0.874159 0.287013
v 0.723854 0.749159 0.299830
v 0.808394 0.657653 0.334848
v 0.923879 0.624159 0.382684
v 1.039364 0.657653 0.430519
v 1.123905 0.749159 0.465537
v 1.207407 0.874159 0.323523
v 1.175055 0.999159 0.314855
v 1.086667 1.090665 0.291171
v 0.965926 1.124159 0.258819
v 0.845185 1.090665 0.226466
v 0.756797 0.999159 0.202783
v 0.724444 0.874159 0.194114
v 0.756797 0.749159 0.202783
v 0.845185 0.657653 0.226466
v 0.965926 0.624159 0.258819
v 1.086667 0.657653 0.291171
v 1.175055 0.749159 0.314855
v 1.239306 0.874159 0.163158
v 1.206099 0.999159 0.158786
v 1.115376 1.090665 0.146842
v 0.991445 1.124159 0.130526
v 0.867514 1.090665 0.114210
v 0.776791 0.999159 0.102266
v 0.743584 0.874159 0.097895
v 0.776791 0.749159 0.102266
v 0.867514 0.657653 0.114210
v 0.991445 0.624159 0.130526
v 1.115376 0.657653 0.146842
v 1.206099 0.749159 0.158786
vn 0.9640 0.2583 -0.0632
vn 0.7063 0.7063 -0.0463
vn 0.2588 0.9658 -0.0170
vn -0.2588 0.9658 0.0170
vn -0.7063 0.7063 0.0463
vn -0.9640 0.2583 0.0632
vn -0.9640 -0.2583 0.0632
vn -0.7063 -0.7063 0.0463
vn -0.2588 -0.9658 0.0170
vn 0.2588 -0.9658 -0.0170
vn 0.7063 -0.7063 -0.0463
vn 0.9640 -0.2583 -0.0632
vn 0.9475 0.2583 -0.1885
vn 0.6943 0.7063 -0.1381
vn 0.2544 0.9658 -0.0506
vn -0.2544 0.9658 0.0506
vn -0.6943 0.7063 0.1381
vn -0.9475 0.2583 0.1885
vn -0.9475 -0.2583 0.1885
vn -0.6943 -0.7063 0.1381
vn -0.2544 -0.9658 0.0506
vn 0.2544 -0.9658 -0.0506
vn 0.6943 -0.7063 -0.1381
vn 0.9475 -0.2583 -0.1885
vn 0.9148 0.2583 -0.3105
vn 0.6703 0.7063 -0.2275
vn 0.2456 0.9658 -0.0834
vn -0.2456 0.9658 0.0834
vn -0.6703 0.7063 0.2275
vn -0.9148 0.2583 0.3105
vn -0.9148 -0.2583 0.3105
vn -0.6703 -0.7063 0.2275
vn -0.2456 -0.9658 0.0834
vn 0.2456 -0.9658 -0.0834
vn 0.6703 -0.7063 -0.2275
vn 0.9148 -0.2583 -0.3105
vn 0.8664 0.2583 -0.4273
vn 0.6349 0.7063 -0.3131
vn 0.2326 0.9658 -0.1147
vn -0.2326 0.9658 0.1147
vn -0.6349 0.7063 0.3131
vn -0.8664 0.2583 0.4273
vn -0.8664 -0.2583 0.4273
vn -0.6349 -0.7063 0.3131
vn -0.2326 -0.9658 0.1147
vn 0.2326 -0.9658 -0.1147
vn 0.6349 -0.7063 -0.3131
vn 0.8664 -0.2583 -0.4273
vn 0.8033 0.2583 -0.5367
vn 0.5886 0.7063 -0.3933
vn 0.2156 0.9658 -0.1441
vn -0.2156 0.9658 0.1441
vn -0.5886 0.7063 0.3933
vn -0.8033 0.2583 0.5367
vn -0.8033 -0.2583 0.5367
vn -0.5886 -0.7063 0.3933
vn -0.2156 -0.9658 0.1441
vn 0.2156 -0.9658 -0.1441
vn 0.5886 -0.7063 -0.3933
vn 0.8033 -0.2583 -0.5367
vn 0.7263 0.2583 -0.6370
vn 0.5322 0.7063 -0.4667
vn 0.1950 0.9658 -0.1710
vn -0.1950 0.9658 0.1710
vn -0.5322 0.7063 0.4667
vn -0.7263 0.2583 0.6370
vn -0.7263 -0.2583 0.6370
vn -0.5322 -0.7063 0.4667
vn -0.1950 -0.9658 0.1710
vn 0.1950 -0.9658 -0.1710
vn 0.5322 -0.7063 -0.4667
vn 0.7263 -0.2583 -0.6370
vn 0.6370 0.2583 -0.7263
vn 0.4667 0.7063 -0.5322
vn 0.1710 0.9658 -0.1950
vn -0.1710 0.9658 0.1950
vn -0.4667 0.7063 0.5322
vn -0.6370 0.2583 0.7263
vn -0.6370 -0.2583 0.7263
vn -0.4667 -0.7063 0.5322
vn -0.1710 -0.9658 0.1950
vn 0.1710 -0.9658 -0.1950
vn 0.4667 -0.7063 -0.5322
vn 0.6370 -0.2583 -0.7263
vn 0.5367 0.2583 -0.8033
vn 0.3933 0.7063 -0.5886
vn 0.1441 0.9658 -0.2156
vn -0.1441 0.9658 0.2156
vn -0.3933 0.7063 0.5886
vn -0.5367 0.2583 0.8033
vn -0.5367 -0.2583 0.8033
vn -0.3933 -0.7063 0.5886
vn -0.1441 -0.9658 0.2156
vn 0.1441 -0.9658 -0.2156
vn 0.3933 -0.7063 -0.5886
vn 0.5367 -0.2583 -0.8033
vn 0.4273 0.2583 -0.8664
vn 0.3131 0.7063 -0.6349
vn 0.1147 0.9658 -0.2326
vn -0.1147 0.9658 0.2326
vn -0.3131 0.7063 0.6349
vn -0.4273 0.2583 0.8664
vn -0.4273 -0.2583 0.8664
vn -0.3131 -0.7063 0.6349
vn -0.1147 -0.9658 0.2326
vn 0.1147 -0.9658 -0.2326
vn 0.3131 -0.7063 -0.6349
vn 0.4273 -0.2583 -0.8664
vn 0.3105 0.2583 -0.9148
vn 0.2275 0.7063 -0.6703
vn 0.0834 0.9658 -0.2456
vn -0.0834 0.9658 0.2456
vn -0.2275 0.7063 0.6703
vn -0.3105 0.2583 0.9148
vn -0.3105 -0.2583 0.9148
vn -0.2275 -0.7063 0.6703
vn -0.0834 -0.9658 0.2456
vn 0.0834 -0.9658 -0.2456
vn 0.2275 -0.7063 -0.6703
vn 0.3105 -0.2583 -0.9148
vn 0.1885 0.2583 -0.9475
vn 0.1381 0.7063 -0.6943
vn 0.0506 0.9658 -0.2544
vn -0.0506 0.9658 0.2544
vn -0.1381 0.7063 0.6943
vn -0.1885 0.2583 0.9475
vn -0.1885 -0.2583 0.9475
vn -0.1381 -0.7063 0.6943
vn -0.0506 -0.9658 0.2544
vn 0.0506 -0.9658 -0.2544
vn 0.1381 -0.7063 -0.6943
vn 0.1885 -0.2583 -0.9475
vn 0.0632 0.2583 -0.9640
vn 0.0463 0.7063 -0.7063
vn 0.0170 0.9658 -0.2588
vn -0.0170 0.9658 0.2588
vn -0.0463 0.7063 0.7063
vn -0.0632 0.2583 0.9640
vn -0.0632 -0.2583 0.9640
vn -0.0463 -0.7063 0.7063
vn -0.0170 -0.9658 0.2588
vn 0.0170 -0.9658 -0.2588
vn 0.0463 -0.7063 -0.7063
vn 0.0632 -0.2583 -0.9640
vn -0.0632 0.2583 -0.9640
vn -0.0463 0.7063 -0.7063
vn -0.0170 0.9658 -0.2588
vn 0.0170 0.9658 0.2588
vn 0.0463 0.7063 0.7063
vn 0.0632 0.2583 0.9640
vn 0.0632 -0.2583 0.9640
vn 0.0463 -0.7063 0.7063
vn 0.0170 -0.9658 0.2588
vn -0.0170 -0.9658 -0.2588
vn -0.0463 -0.7063 -0.7063
vn -0.0632 -0.2583 -0.9640
vn -0.1885 0.2583 -0.9475
vn -0.1381 0.7063 -0.6943
vn -0.0506 0.9658 -0.2544
vn 0.0506 0.9658 0.2544
vn 0.1381 0.7063 0.6943
vn 0.1885 0.2583 0.9475
vn 0.1885 -0.2583 0.9475
vn 0.1381 -0.7063 0.6943
vn 0.0506 -0.9658 0.2544
vn -0.0506 -0.9658 -0.2544
vn -0.1381 -0.7063 -0.6943
vn -0.1885 -0.2583 -0.9475
vn -0.3105 0.2583 -0.9148
vn -0.2275 0.7063 -0.6703
vn -0.0834 0.9658 -0.2456
vn 0.0834 0.9658 0.2456
vn 0.2275 0.7063 0.6703
vn 0.3105 0.2583 0.9148
vn 0.3105 -0.2583 0.9148
vn 0.2275 -0.7063 0.6703
vn 0.0834 -0.9658 0.2456
vn -0.0834 -0.9658 -0.2456
vn -0.2275 -0.7063 -0.6703
vn -0.3105 -0.2583 -0.9148
vn -0.4273 0.2583 -0.8664
vn -0.3131 0.7063 -0.6349
vn -0.1147 0.9658 -0.2326
vn 0.1147 0.9658 0.2326
vn 0.3131 0.7063 0.6349
vn 0.4273 0.2583 0.8664
vn 0.4273 -0.2583 0.8664
vn 0.3131 -0.7063 0.6349
vn 0.1147 -0.9658 0.2326
vn -0.1147 -0.9658 -0.2326
vn -0.3131 -0.7063 -0.6349
vn -0.4273 -0.2583 -0.8664
vn -0.5367 0.2583 -0.8033
vn -0.3933 0.7063 -0.5886
vn -0.1441 0.9658 -0.2156
vn 0.1441 0.9658 0.2156
vn 0.3933 0.7063 0.5886
vn 0.5367 0.2583 0.8033
vn 0.5367 -0.2583 0.8033
vn 0.3933 -0.7063 0.5886
vn 0.1441 -0.9658 0.2156
vn -0.1441 -0.9658 -0.2156
vn -0.3933 -0.7063 -0.5886
vn -0.5367 -0.2583 -0.8033
vn -0.6370 0.2583 -0.7263
vn -0.4667 0.7063 -0.5322
vn -0.1710 0.9658 -0.1950
vn 0.1710 0.9658 0.1950
vn 0.4667 0.7063 0.5322
vn 0.6370 0.2583 0.7263
vn 0.6370 -0.2583 0.7263
vn 0.4667 -0.7063 0.5322
vn 0.1710 -0.9658 0.1950
vn -0.1710 -0.9658 -0.1950
vn -0.4667 -0.7063 -0.5322
vn -0.6370 -0.2583 -0.7263
vn -0.7263 0.2583 -0.6370
vn -0.5322 0.7063 -0.4667
vn -0.1950 0.9658 -0.1710
vn 0.1950 0.9658 0.1710
vn 0.5322 0.7063 0.4667
vn 0.7263 0.2583 0.6370
vn 0.7263 -0.2583 0.6370
vn 0.5322 -0.7063 0.4667
vn 0.1950 -0.9658 0.1710
vn -0.1950 -0.9658 -0.1710
vn -0.5322 -0.7063 -0.4667
vn -0.7263 -0.2583 -0.6370
vn -0.8033 0.2583 -0.5367
vn -0.5886 0.7063 -0.3933
vn -0.2156 0.9658 -0.1441
vn 0.2156 0.9658 0.1441
vn 0.5886 0.7063 0.3933
vn 0.8033 0.2583 0.5367
vn 0.8033 -0.2583 0.5367
vn 0.5886 -0.7063 0.3933
vn 0.2156 -0.9658 0.1441
vn -0.2156 -0.9658 -0.1441
vn -0.5886 -0.7063 -0.3933
vn -0.8033 -0.2583 -0.5367
vn -0.8664 0.2583 -0.4273
vn -0.6349 0.7063 -0.3131
vn -0.2326 0.9658 -0.1147
vn 0.2326 0.9658 0.1147
vn 0.6349 0.7063 0.3131
vn 0.8664 0.2583 0.4273
vn 0.8664 -0.2583 0.4273
vn 0.6349 -0.7063 0.3131
vn 0.2326 -0.9658 0.1147
vn -0.2326 -0.9658 -0.1147
vn -0.6349 -0.7063 -0.3131
vn -0.8664 -0.2583 -0.4273
vn -0.9148 0.2583 -0.3105
vn -0.6703 0.7063 -0.2275
vn -0.2456 0.9658 -0.0834
vn 0.2456 0.9658 0.0834
vn 0.6703 0.7063 0.2275
vn 0.9148 0.2583 0.3105
vn 0.9148 -0.2583 0.3105
vn 0.6703 -0.7063 0.2275
vn 0.2456 -0.9658 0.0834
vn -0.2456 -0.9658 -0.0834
vn -0.6703 -0.7063 -0.2275
vn -0.9148 -0.2583 -0.3105
vn -0.9475 0.2583 -0.1885
vn -0.6943 0.7063 -0.1381
vn -0.2544 0.9658 -0.0506
vn 0.2544 0.9658 0.0506
vn 0.6943 0.7063 0.1381
vn 0.9475 0.2583 0.1885
vn 0.9475 -0.2583 0.1885
vn 0.6943 -0.7063 0.1381
vn 0.2544 -0.9658 0.0506
vn -0.2544 -0.9658 -0.0506
vn -0.6943 -0.7063 -0.1381
vn -0.9475 -0.2583 -0.1885
vn -0.9640 0.2583 -0.0632
vn -0.7063 0.7063 -0.0463
vn -0.2588 0.9658 -0.0170
vn 0.2588 0.9658 0.0170
vn 0.7063 0.7063 0.0463
vn 0.9640 0.2583 0.0632
vn 0.9640 -0.2583 0.0632
vn 0.7063 -0.7063 0.0463
vn 0.2588 -0.9658 0.0170
vn -0.2588 -0.9658 -0.0170
vn -0.7063 -0.7063 -0.0463
vn -0.9640 -0.2583 -0.0632
vt 0.500000 0.500000
vt 0.520833 0.500000
vt 0.520833 0.583333
vt 0.500000 0.583333
vt 0.520833 0.666667
vt 0.500000 0.666667
vt 0.520833 0.750000
vt 0.500000 0.750000
vt 0.520833 0.833333
vt 0.500000 0.833333
vt 0.520833 0.916667
vt 0.500000 0.916667
vt 0.520833 1.000000
vt 0.500000 1.000000
vt 0.500000 0.000000
vt 0.520833 0.000000
vt 0.520833 0.083333
vt 0.500000 0.083333
vt 0.520833 0.166667
vt 0.500000 0.166667
vt 0.520833 0.250000
vt 0.500000 0.250000
vt 0.520833 0.333333
vt 0.500000 0.333333
vt 0.520833 0.416667
vt 0.500000 0.416667
vt 0.541667 0.500000
vt 0.541667 0.583333
vt 0.541667 0.666667
vt 0.541667 0.750000
vt 0.541667 0.833333
vt 0.541667 0.916667
vt 0.541667 1.000000
vt 0.541667 0.000000
vt 0.541667 0.083333
vt 0.541667 0.166667
vt 0.541667 0.250000
vt 0.541667 0.333333
vt 0.541667 0.416667
vt 0.562500 0.500000
vt 0.562500 0.583333
vt 0.562500 0.666667
vt 0.562500 0.750000
vt 0.562500 0.833333
vt 0.562500 0.916667
vt 0.562500 1.000000
vt 0.562500 0.000000
vt 0.562500 0.083333
vt 0.562500 0.166667
vt 0.562500 0.250000
vt 0.562500 0.333333
vt 0.562500 0.416667
vt 0.583333 0.500000
vt 0.583333 0.583333
vt 0.583333 0.666667
vt 0.583333 0.750000
vt 0.583333 0.833333
vt 0.583333 0.916667
vt 0.583333 1.000000
vt 0.583333 0.000000
vt 0.583333 0.083333
vt 0.583333 0.166667
vt 0.583333 0.250000
vt 0.583333 0.333333
vt 0.583333 0.416667
vt 0.604167 0.500000
vt 0.604167 0.583333
vt 0.604167 0.666667
vt 0.604167 0.750000
vt 0.604167 0.833333
vt 0.604167 0.916667
vt 0.604167 1.000000
vt 0.604167 0.000000
vt 0.604167 0.083333
vt 0.604167 0.166667
vt 0.604167 0.250000
vt 0.604167 0.333333
vt 0.604167 0.416667
vt 0.625000 0.500000
vt 0.625000 0.583333
vt 0.625000 0.666667
vt 0.625000 0.750000
vt 0.625000 0.833333
vt 0.625000 0.916667
vt 0.625000 1.000000
vt 0.625000 0.000000
vt 0.625000 0.083333
vt 0.625000 0.166667
vt 0.625000 0.250000
vt 0.625000 0.333333
vt 0.625000 0.416667
vt 0.645833 0.500000
vt 0.645833 0.583333
vt 0.645833 0.666667
vt 0.645833 0.750000
vt 0.645833 0.833333
vt 0.645833 0.916667
vt 0.645833 1.000000
vt 0.645833 0.000000
vt 0.645833 0.083333
vt 0.645833 0.166667
vt 0.645833 0.250000
vt 0.645833 0.333333
vt 0.645833 0.416667
vt 0.666667 0.500000
vt 0.666667 0.583333
vt 0.666667 0.666667
vt 0.666667 0.750000
vt 0.666667 0.833333
vt 0.666667 0.916667
vt 0.666667 1.000000
vt 0.666667 0.000000
vt 0.666667 0.083333
vt 0.666667 0.166667
vt 0.666667 0.250000
vt 0.666667 0.333333
vt 0.666667 0.416667
vt 0.687500 0.500000
vt 0.687500 0.583333
vt 0.687500 0.666667
vt 0.687500 0.750000
vt 0.687500 0.833333
vt 0.687500 0.916667
vt 0.687500 1.000000
vt 0.687500 0.000000
vt 0.687500 0.083333
vt 0.687500 0.166667
vt 0.687500 0.250000
vt 0.687500 0.333333
vt 0.687500 0.416667
vt 0.708333 0.500000
vt 0.708333 0.583333
vt 0.708333 0.666667
vt 0.708333 0.750000
vt 0.708333 0.833333
vt 0.708333 0.916667
vt 0.708333 1.000000
vt 0.708333 0.000000
vt 0.708333 0.083333
vt 0.708333 0.166667
vt 0.708333 0.250000
vt 0.708333 0.333333
vt 0.708333 0.416667
vt 0.729167 0.500000
vt 0.729167 0.583333
vt 0.729167 0.666667
vt 0.729167 0.750000
vt 0.729167 0.833333
vt 0.729167 0.916667
vt 0.729167 1.000000
vt 0.729167 0.000000
vt 0.729167 0.083333
vt 0.729167 0.166667
vt 0.729167 0.250000
vt 0.729167 0.333333
vt 0.729167 0.416667
vt 0.750000 0.500000
vt 0.750000 0.583333
vt 0.750000 0.666667
vt 0.750000 0.750000
vt 0.750000 0.833333
vt 0.750000 0.916667
vt 0.750000 1.000000
vt 0.750000 0.000000
vt 0.750000 0.083333
vt 0.750000 0.166667
vt 0.750000 0.250000
vt 0.750000 0.333333
vt 0.750000 0.416667
vt 0.770833 0.500000
vt 0.770833 0.583333
vt 0.770833 0.666667
vt 0.770833 0.750000
vt 0.770833 0.833333
vt 0.770833 0.916667
vt 0.770833 1.000000
vt 0.770833 0.000000
vt 0.770833 0.083333
vt 0.770833 0.166667
vt 0.770833 0.250000
vt 0.770833 0.333333
vt 0.770833 0.416667
vt 0.791667 0.500000
vt 0.791667 0.583333
vt 0.791667 0.666667
vt 0.791667 0.750000
vt 0.791667 0.833333
vt 0.791667 0.916667
vt 0.791667 1.000000
vt 0.791667 0.000000
vt 0.791667 0.083333
vt 0.791667 0.166667
vt 0.791667 0.250000
vt 0.791667 0.333333
vt 0.791667 0.416667
vt 0.812500 0.500000
vt 0.812500 0.583333
vt 0.812500 0.666667
vt 0.812500 0.750000
vt 0.812500 0.833333
vt 0.812500 0.916667
vt 0.812500 1.000000
vt 0.812500 0.000000
vt 0.812500 0.083333
vt 0.812500 0.166667
vt 0.812500 0.250000
vt 0.812500 0.333333
vt 0.812500 0.416667
vt 0.833333 0.500000
vt 0.833333 0.583333
vt 0.833333 0.666667
vt 0.833333 0.750000
vt 0.833333 0.833333
vt 0.833333 0.916667
vt 0.833333 1.000000
vt 0.833333 0.000000
vt 0.833333 0.083333
vt 0.833333 0.166667
vt 0.833333 0.250000
vt 0.833333 0.333333
vt 0.833333 0.416667
vt 0.854167 0.500000
vt 0.854167 0.583333
vt 0.854167 0.666667
vt 0.854167 0.750000
vt 0.854167 0.833333
vt 0.854167 0.916667
vt 0.854167 1.000000
vt 0.854167 0.000000
vt 0.854167 0.083333
vt 0.854167 0.166667
vt 0.854167 0.250000
vt 0.854167 0.333333
vt 0.854167 0.416667
vt 0.875000 0.500000
vt 0.875000 0.583333
vt 0.875000 0.666667
vt 0.875000 0.750000
vt 0.875000 0.833333
vt 0.875000 0.916667
vt 0.875000 1.000000
vt 0.875000 0.000000
vt 0.875000 0.083333
vt 0.875000 0.166667
vt 0.875000 0.250000
vt 0.875000 0.333333
vt 0.875000 0.416667
vt 0.895833 0.500000
vt 0.895833 0.583333
vt 0.895833 0.666667
vt 0.895833 0.750000
vt 0.895833 0.833333
vt 0.895833 0.916667
vt 0.895833 1.000000
vt 0.895833 0.000000
vt 0.895833 0.083333
vt 0.895833 0.166667
vt 0.895833 0.250000
vt 0.895833 0.333333
vt 0.895833 0.416667
vt 0.916667 0.500000
vt 0.916667 0.583333
vt 0.916667 0.666667
vt 0.916667 0.750000
vt 0.916667 0.833333
vt 0.916667 0.916667
vt 0.916667 1.000000
vt 0.916667 0.000000
vt 0.916667 0.083333
vt 0.916667 0.166667
vt 0.916667 0.250000
vt 0.916667 0.333333
vt 0.916667 0.416667
vt 0.937500 0.500000
vt 0.937500 0.583333
vt 0.937500 0.666667
vt 0.937500 0.750000
vt 0.937500 0.833333
vt 0.937500 0.916667
vt 0.937500 1.000000
vt 0.937500 0.000000
vt 0.937500 0.083333
vt 0.937500 0.166667
vt 0.937500 0.250000
vt 0.937500 0.333333
vt 0.937500 0.416667
vt 0.958333 0.500000
vt 0.958333 0.583333
vt 0.958333 0.666667
vt 0.958333 0.750000
vt 0.958333 0.833333
vt 0.958333 0.916667
vt 0.958333 1.000000
vt 0.958333 0.000000
vt 0.958333 0.083333
vt 0.958333 0.166667
vt 0.958333 0.250000
vt 0.958333 0.333333
vt 0.958333 0.416667
vt 0.979167 0.500000
vt 0.979167 0.583333
vt 0.979167 0.666667
vt 0.979167 0.750000
vt 0.979167 0.833333
vt 0.979167 0.916667
vt 0.979167 1.000000
vt 0.979167 0.000000
vt 0.979167 0.083333
vt 0.979167 0.166667
vt 0.979167 0.250000
vt 0.979167 0.333333
vt 0.979167 0.416667
vt 1.000000 0.500000
vt 1.000000 0.583333
vt 1.000000 0.666667
vt 1.000000 0.750000
vt 1.000000 0.833333
vt 1.000000 0.916667
vt 1.000000 1.000000
vt 1.000000 0.000000
vt 1.000000 0.083333
vt 1.000000 0.166667
vt 1.000000 0.250000
vt 1.000000 0.333333
vt 1.000000 0.416667
vt 0.000000 0.500000
vt 0.020833 0.500000
vt 0.020833 0.583333
vt 0.000000 0.583333
vt 0.020833 0.666667
vt 0.000000 0.666667
vt 0.020833 0.750000
vt 0.000000 0.750000
vt 0.020833 0.833333
vt 0.000000 0.833333
vt 0.020833 0.916667
vt 0.000000 0.916667
vt 0.020833 1.000000
vt 0.000000 1.000000
vt 0.000000 0.000000
vt 0.020833 0.000000
vt 0.020833 0.083333
vt 0.000000 0.083333
vt 0.020833 0.166667
vt 0.000000 0.166667
vt 0.020833 0.250000
vt 0.000000 0.250000
vt 0.020833 0.333333
vt 0.000000 0.333333
vt 0.020833 0.416667
vt 0.000000 0.416667
vt 0.041667 0.500000
vt 0.041667 0.583333
vt 0.041667 0.666667
vt 0.041667 0.750000
vt 0.041667 0.833333
vt 0.041667 0.916667
vt 0.041667 1.000000
vt 0.041667 0.000000
vt 0.041667 0.083333
vt 0.041667 0.166667
vt 0.041667 0.250000
vt 0.041667 0.333333
vt 0.041667 0.416667
vt 0.062500 0.500000
vt 0.062500 0.583333
vt 0.062500 0.666667
vt 0.062500 0.750000
vt 0.062500 0.833333
vt 0.062500 0.916667
vt 0.062500 1.000000
vt 0.062500 0.000000
vt 0.062500 0.083333
vt 0.062500 0.166667
vt 0.062500 0.250000
vt 0.062500 0.333333
vt 0.062500 0.416667
vt 0.083333 0.500000
vt 0.083333 0.583333
vt 0.083333 0.666667
vt 0.083333 0.750000
vt 0.083333 0.833333
vt 0.083333 0.916667
vt 0.083333 1.000000
vt 0.083333 0.000000
vt 0.083333 0.083333
vt 0.083333 0.166667
vt 0.083333 0.250000
vt 0.083333 0.333333
vt 0.083333 0.416667
vt 0.104167 0.500000
vt 0.104167 0.583333
vt 0.104167 0.666667
vt 0.104167 0.750000
vt 0.104167 0.833333
vt 0.104167 0.916667
vt 0.104167 1.000000
vt 0.104167 0.000000
vt 0.104167 0.083333
vt 0.104167 0.166667
vt 0.104167 0.250000
vt 0.104167 0.333333
vt 0.104167 0.416667
vt 0.125000 0.500000
vt 0.125000 0.583333
vt 0.125000 0.666667
vt 0.125000 0.750000
vt 0.125000 0.833333
vt 0.125000 0.916667
vt 0.125000 1.000000
vt 0.125000 0.000000
vt 0.125000 0.083333
vt 0.125000 0.166667
vt 0.125000 0.250000
vt 0.125000 0.333333
vt 0.125000 0.416667
vt 0.145833 0.500000
vt 0.145833 0.583333
vt 0.145833 0.666667
vt 0.145833 0.750000
vt 0.145833 0.833333
vt 0.145833 0.916667
vt 0.145833 1.000000
vt 0.145833 0.000000
vt 0.145833 0.083333
vt 0.145833 0.166667
vt 0.145833 0.250000
vt 0.145833 0.333333
vt 0.145833 0.416667
vt 0.166667 0.500000
vt 0.166667 0.583333
vt 0.166667 0.666667
vt 0.166667 0.750000
vt 0.166667 0.833333
vt 0.166667 0.916667
vt 0.166667 1.000000
vt 0.166667 0.000000
vt 0.166667 0.083333
vt 0.166667 0.166667
vt 0.166667 0.250000
vt 0.166667 0.333333
vt 0.166667 0.416667
vt 0.187500 0.500000
vt 0.187500 0.583333
vt 0.187500 0.666667
vt 0.187500 0.750000
vt 0.187500 0.833333
vt 0.187500 0.916667
vt 0.187500 1.000000
vt 0.187500 0.000000
vt 0.187500 0.083333
vt 0.187500 0.166667
vt 0.187500 0.250000
vt 0.187500 0.333333
vt 0.187500 0.416667
vt 0.208333 0.500000
vt 0.208333 0.583333
vt 0.208333 0.666667
vt 0.208333 0.750000
vt 0.208333 0.833333
vt 0.208333 0.916667
vt 0.208333 1.000000
vt 0.208333 0.000000
vt 0.208333 0.083333
vt 0.208333 0.166667
vt 0.208333 0.250000
vt 0.208333 0.333333
vt 0.208333 0.416667
vt 0.229167 0.500000
vt 0.229167 0.583333
vt 0.229167 0.666667
vt 0.229167 0.750000
vt 0.229167 0.833333
vt 0.229167 0.916667
vt 0.229167 1.000000
vt 0.229167 0.000000
vt 0.229167 0.083333
vt 0.229167 0.166667
vt 0.229167 0.250000
vt 0.229167 0.333333
vt 0.229167 0.416667
vt 0.250000 0.500000
vt 0.250000 0.583333
vt 0.250000 0.666667
vt 0.250000 0.750000
vt 0.250000 0.833333
vt 0.250000 0.916667
vt 0.250000 1.000000
vt 0.250000 0.000000
vt 0.250000 0.083333
vt 0.250000 0.166667
vt 0.250000 0.250000
vt 0.250000 0.333333
vt 0.250000 0.416667
vt 0.270833 0.500000
vt 0.270833 0.583333
vt 0.270833 0.666667
vt 0.270833 0.750000
vt 0.270833 0.833333
vt 0.270833 0.916667
vt 0.270833 1.000000
vt 0.270833 0.000000
vt 0.270833 0.083333
vt 0.270833 0.166667
vt 0.270833 0.250000
vt 0.270833 0.333333
vt 0.270833 0.416667
vt 0.291667 0.500000
vt 0.291667 0.583333
vt 0.291667 0.666667
vt 0.291667 0.750000
vt 0.291667 0.833333
vt 0.291667 0.916667
vt 0.291667 1.000000
vt 0.291667 0.000000
vt 0.291667 0.083333
vt 0.291667 0.166667
vt 0.291667 0.250000
vt 0.291667 0.333333
vt 0.291667 0.416667
vt 0.312500 0.500000
vt 0.312500 0.583333
vt 0.312500 0.666667
vt 0.312500 0.750000
vt 0.312500 0.833333
vt 0.312500 0.916667
vt 0.312500 1.000000
vt 0.312500 0.000000
vt 0.312500 0.083333
vt 0.312500 0.166667
vt 0.312500 0.250000
vt 0.312500 0.333333
vt 0.312500 0.416667
vt 0.333333 0.500000
vt 0.333333 0.583333
vt 0.333333 0.666667
vt 0.333333 0.750000
vt 0.333333 0.833333
vt 0.333333 0.916667
vt 0.333333 1.000000
vt 0.333333 0.000000
vt 0.333333 0.083333
vt 0.333333 0.166667
vt 0.333333 0.250000
vt 0.333333 0.333333
vt 0.333333 0.416667
vt 0.354167 0.500000
vt 0.354167 0.583333
vt 0.354167 0.666667
vt 0.354167 0.750000
vt 0.354167 0.833333
vt 0.354167 0.916667
vt 0.354167 1.000000
vt 0.354167 0.000000
vt 0.354167 0.083333
vt 0.354167 0.166667
vt 0.354167 0.250000
vt 0.354167 0.333333
vt 0.354167 0.416667
vt 0.375000 0.500000
vt 0.375000 0.583333
vt 0.375000 0.666667
vt 0.375000 0.750000
vt 0.375000 0.833333
vt 0.375000 0.916667
vt 0.375000 1.000000
vt 0.375000 0.000000
vt 0.375000 0.083333
vt 0.375000 0.166667
vt 0.375000 0.250000
vt 0.375000 0.333333
vt 0.375000 0.416667
vt 0.395833 0.500000
vt 0.395833 0.583333
vt 0.395833 0.666667
vt 0.395833 0.750000
vt 0.395833 0.833333
vt 0.395833 0.916667
vt 0.395833 1.000000
vt 0.395833 0.000000
vt 0.395833 0.083333
vt 0.395833 0.166667
vt 0.395833 0.250000
vt 0.395833 0.333333
vt 0.395833 0.416667
vt 0.416667 0.500000
vt 0.416667 0.583333
vt 0.416667 0.666667
vt 0.416667 0.750000
vt 0.416667 0.833333
vt 0.416667 0.916667
vt 0.416667 1.000000
vt 0.416667 0.000000
vt 0.416667 0.083333
vt 0.416667 0.166667
vt 0.416667 0.250000
vt 0.416667 0.333333
vt 0.416667 0.416667
vt 0.437500 0.500000
vt 0.437500 0.583333
vt 0.437500 0.666667
vt 0.437500 0.750000
vt 0.437500 0.833333
vt 0.437500 0.916667
vt 0.437500 1.000000
vt 0.437500 0.000000
vt 0.437500 0.083333
vt 0.437500 0.166667
vt 0.437500 0.250000
vt 0.437500 0.333333
vt 0.437500 0.416667
vt 0.458333 0.500000
vt 0.458333 0.583333
vt 0.458333 0.666667
vt 0.458333 0.750000
vt 0.458333 0.833333
vt 0.458333 0.916667
vt 0.458333 1.000000
vt 0.458333 0.000000
vt 0.458333 0.083333
vt 0.458333 0.166667
vt 0.458333 0.250000
vt 0.458333 0.333333
vt 0.458333 0.416667
vt 0.479167 0.500000
vt 0.479167 0.583333
vt 0.479167 0.666667
vt 0.479167 0.750000
vt 0.479167 0.833333
vt 0.479167 0.916667
vt 0.479167 1.000000
vt 0.479167 0.000000
vt 0.479167 0.083333
vt 0.479167 0.166667
vt 0.479167 0.250000
vt 0.479167 0.333333
vt 0.479167 0.416667
s 0
f 541/621/533 553/622/533 554/623/533 542/624/533
f 542/624/534 554/623/534 555/625/534 543/626/534
f 543/626/535 555/625/535 556/627/535 544/628/535
f 544/628/536 556/627/536 557/629/536 545/630/536
f 545/630/537 557/629/537 558/631/537 546/632/537
f 546/632/538 558/631/538 559/633/538 547/634/538
f 547/635/539 559/636/539 560/637/539 548/638/539
f 548/638/540 560/637/540 561/639/540 549/640/540
f 549/640/541 561/639/541 562/641/541 550/642/541
f 550/642/542 562/641/542 563/643/542 551/644/542
f 551/644/543 563/643/543 564/645/543 552/646/543
f 552/646/544 564/645/544 553/622/544 541/621/544
f 553/622/545 565/647/545 566/648/545 554/623/545
f 554/623/546 566/648/546 567/649/546 555/625/546
f 555/625/547 567/649/547 568/650/547 556/627/547
f 556/627/548 568/650/548 569/651/548 557/629/548
f 557/629/549 569/651/549 570/652/549 558/631/549
f 558/631/550 570/652/550 571/653/550 559/633/550
f 559/636/551 571/654/551 572/655/551 560/637/551
f 560/637/552 572/655/552 573/656/552 561/639/552
f 561/639/553 573/656/553 574/657/553 562/641/553
f 562/641/554 574/657/554 575/658/554 563/643/554
f 563/643/555 575/658/555 576/659/555 564/645/555
f 564/645/556 576/659/556 565/647/556 553/622/556
f 565/647/557 577/660/557 578/661/557 566/648/557
f 566/648/558 578/661/558 579/662/558 567/649/558
f 567/649/559 579/662/559 580/663/559 568/650/559
f 568/650/560 580/663/560 581/664/560 569/651/560
f 569/651/561 581/664/561 582/665/561 570/652/561
f 570/652/562 582/665/562 583/666/562 571/653/562
f 571/654/563 583/667/563 584/668/563 572/655/563
f 572/655/564 584/668/564 585/669/564 573/656/564
f 573/656/565 585/669/565 586/670/565 574/657/565
f 574/657/566 586/670/566 587/671/566 575/658/566
f 575/658/567 587/671/567 588/672/567 576/659/567
f 576/659/568 588/672/568 577/660/568 565/647/568
f 577/660/569 589/673/569 590/674/569 578/661/569
f 578/661/570 590/674/570 591/675/570 579/662/570
f 579/662/571 591/675/571 592/676/571 580/663/571
f 580/663/572 592/676/572 593/677/572 581/664/572
f 581/664/573 593/677/573 594/678/573 582/665/573
f 582/665/574 594/678/574 595/679/574 583/666/574
f 583/667/575 595/680/575 596/681/575 584/668/575
f 584/668/576 596/681/576 597/682/576 585/669/576
f 585/669/577 597/682/577 598/683/577 586/670/577
f 586/670/578 598/683/578 599/684/578 587/671/578
f 587/671/579 599/684/579 600/685/579 588/672/579
f 588/672/580 600/685/580 589/673/580 577/660/580
f 589/673/581 601/686/581 602/687/581 590/674/581
f 590/674/582 602/687/582 603/688/582 591/675/582
f 591/675/583 603/688/583 604/689/583 592/676/583
f 592/676/584 604/689/584 605/690/584 593/677/584
f 593/677/585 605/690/585 606/691/585 594/678/585
f 594/678/586 606/691/586 607/692/586 595/679/586
f 595/680/587 607/693/587 608/694/587 596/681/587
f 596/681/588 608/694/588 609/695/588 597/682/588
f 597/682/589 609/695/589 610/696/589 598/683/589
f 598/683/590 610/696/590 611/697/590 599/684/590
f 599/684/591 611/697/591 612/698/591 600/685/591
f 600/685/592 612/698/592 601/686/592 589/673/592
f 601/686/593 613/699/593 614/700/593 602/687/593
f 602/687/594 614/700/594 615/701/594 603/688/594
f 603/688/595 615/701/595 616/702/595 604/689/595
f 604/689/596 616/702/596 617/703/596 605/690/596
f 605/690/597 617/703/597 618/704/597 606/691/597
f 606/691/598 618/704/598 619/705/598 607/692/598
f 607/693/599 619/706/599 620/707/599 608/694/599
f 608/694/600 620/707/600 621/708/600 609/695/600
f 609/695/601 621/708/601 622/709/601 610/696/601
f 610/696/602 622/709/602 623/710/602 611/697/602
f 611/697/603 623/710/603 624/711/603 612/698/603
f 612/698/604 624/711/604 613/699/604 601/686/604
f 613/699/605 625/712/605 626/713/605 614/700/605
f 614/700/606 626/713/606 627/714/606 615/701/606
f 615/701/607 627/714/607 628/715/607 616/702/607
f 616/702/608 628/715/608 629/716/608 617/703/608
f 617/703/609 629/716/609 630/717/609 618/704/609
f 618/704/610 630/717/610 631/718/610 619/705/610
f 619/706/611 631/719/611 632/720/611 620/707/611
f 620/707/612 632/720/612 633/721/612 621/708/612
f 621/708/613 633/721/613 634/722/613 622/709/613
f 622/709/614 634/722/614 635/723/614 623/710/614
f 623/710/615 635/723/615 636/724/615 624/711/615
f 624/711/616 636/724/616 625/712/616 613/699/616
f 625/712/617 637/725/617 638/726/617 626/713/617
f 626/713/618 638/726/618 639/727/618 627/714/618
f 627/714/619 639/727/619 640/728/619 628/715/619
f 628/715/620 640/728/620 641/729/620 629/716/620
f 629/716/621 641/729/621 642/730/621 630/717/621
f 630/717/622 642/730/622 643/731/622 631/718/622
f 631/719/623 643/732/623 644/733/623 632/720/623
f 632/720/624 644/733/624 645/734/624 633/721/624
f 633/721/625 645/734/625 646/735/625 634/722/625
f 634/722/626 646/735/626 647/736/626 635/723/626
f 635/723/627 647/736/627 648/737/627 636/724/627
f 636/724/628 648/737/628 637/725/628 625/712/628
f 637/725/629 649/738/629 650/739/629 638/726/629
f 638/726/630 650/739/630 651/740/630 639/727/630
f 639/727/631 651/740/631 652/741/631 640/728/631
f 640/728/632 652/741/632 653/742/632 641/729/632
f 641/729/633 653/742/633 654/743/633 642/730/633
f 642/730/634 654/743/634 655/744/634 643/731/634
f 643/732/635 655/745/635 656/746/635 644/733/635
f 644/733/636 656/746/636 657/747/636 645/734/636
f 645/734/637 657/747/637 658/748/637 646/735/637
f 646/735/638 658/748/638 659/749/638 647/736/638
f 647/736/639 659/749/639 660/750/639 648/737/639
f 648/737/640 660/750/640 649/738/640 637/725/640
f 649/738/641 661/751/641 662/752/641 650/739/641
f 650/739/642 662/752/642 663/753/642 651/740/642
f 651/740/643 663/753/643 664/754/643 652/741/643
f 652/741/644 664/754/644 665/755/644 653/742/644
f 653/742/645 665/755/645 666/756/645 654/743/645
f 654/743/646 666/756/646 667/757/646 655/744/646
f 655/745/647 667/758/647 668/759/647 656/746/647
f 656/746/648 668/759/648 669/760/648 657/747/648
f 657/747/649 669/760/649 670/761/649 658/748/649
f 658/748/650 670/761/650 671/762/650 659/749/650
f 659/749/651 671/762/651 672/763/651 660/750/651
f 660/750/652 672/763/652 661/751/652 649/738/652
f 661/751/653 673/764/653 674/765/653 662/752/653
f 662/752/654 674/765/654 675/766/654 663/753/654
f 663/753/655 675/766/655 676/767/655 664/754/655
f 664/754/656 676/767/656 677/768/656 665/755/656
f 665/755/657 677/768/657 678/769/657 666/756/657
f 666/756/658 678/769/658 679/770/658 667/757/658
f 667/758/659 679/771/659 680/772/659 668/759/659
f 668/759/660 680/772/660 681/773/660 669/760/660
f 669/760/661 681/773/661 682/774/661 670/761/661
f 670/761/662 682/774/662 683/775/662 671/762/662
f 671/762/663 683/775/663 684/776/663 672/763/663
f 672/763/664 684/776/664 673/764/664 661/751/664
f 673/764/665 685/777/665 686/778/665 674/765/665
f 674/765/666 686/778/666 687/779/666 675/766/666
f 675/766/667 687/779/667 688/780/667 676/767/667
f 676/767/668 688/780/668 689/781/668 677/768/668
f 677/768/669 689/781/669 690/782/669 678/769/669
f 678/769/670 690/782/670 691/783/670 679/770/670
f 679/771/671 691/784/671 692/785/671 680/772/671
f 680/772/672 692/785/672 693/786/672 681/773/672
f 681/773/673 693/786/673 694/787/673 682/774/673
f 682/774/674 694/787/674 695/788/674 683/775/674
f 683/775/675 695/788/675 696/789/675 684/776/675
f 684/776/676 696/789/676 685/777/676 673/764/676
f 685/777/677 697/790/677 698/791/677 686/778/677
f 686/778/678 698/791/678 699/792/678 687/779/678
f 687/779/679 699/792/679 700/793/679 688/780/679
f 688/780/680 700/793/680 701/794/680 689/781/680
f 689/781/681 701/794/681 702/795/681 690/782/681
f 690/782/682 702/795/682 703/796/682 691/783/682
f 691/784/683 703/797/683 704/798/683 692/785/683
f 692/785/684 704/798/684 705/799/684 693/786/684
f 693/786/685 705/799/685 706/800/685 694/787/685
f 694/787/686 706/800/686 707/801/686 695/788/686
f 695/788/687 707/801/687 708/802/687 696/789/687
f 696/789/688 708/802/688 697/790/688 685/777/688
f 697/790/689 709/803/689 710/804/689 698/791/689
f 698/791/690 710/804/690 711/805/690 699/792/690
f 699/792/691 711/805/691 712/806/691 700/793/691
f 700/793/692 712/806/692 713/807/692 701/794/692
f 701/794/693 713/807/693 714/808/693 702/795/693
f 702/795/694 714/808/694 715/809/694 703/796/694
f 703/797/695 715/810/695 716/811/695 704/798/695
f 704/798/696 716/811/696 717/812/696 705/799/696
f 705/799/697 717/812/697 718/813/697 706/800/697
f 706/800/698 718/813/698 719/814/698 707/801/698
f 707/801/699 719/814/699 720/815/699 708/802/699
f 708/802/700 720/815/700 709/803/700 697/790/700
f 709/803/701 721/816/701 722/817/701 710/804/701
f 710/804/702 722/817/702 723/818/702 711/805/702
f 711/805/703 723/818/703 724/819/703 712/806/703
f 712/806/704 724/819/704 725/820/704 713/807/704
f 713/807/705 725/820/705 726/821/705 714/808/705
f 714/808/706 726/821/706 727/822/706 715/809/706
f 715/810/707 727/823/707 728/824/707 716/811/707
f 716/811/708 728/824/708 729/825/708 717/812/708
f 717/812/709 729/825/709 730/826/709 718/813/709
f 718/813/710 730/826/710 731/827/710 719/814/710
f 719/814/711 731/827/711 732/828/711 720/815/711
f 720/815/712 732/828/712 721/816/712 709/803/712
f 721/816/713 733/829/713 734/830/713 722/817/713
f 722/817/714 734/830/714 735/831/714 723/818/714
f 723/818/715 735/831/715 736/832/715 724/819/715
f 724/819/716 736/832/716 737/833/716 725/820/716
f 725/820/717 737/833/717 738/834/717 726/821/717
f 726/821/718 738/834/718 739/835/718 727/822/718
f 727/823/719 739/836/719 740/837/719 728/824/719
f 728/824/720 740/837/720 741/838/720 729/825/720
f 729/825/721 741/838/721 742/839/721 730/826/721
f 730/826/722 742/839/722 743/840/722 731/827/722
f 731/827/723 743/840/723 744/841/723 732/828/723
f 732/828/724 744/841/724 733/829/724 721/816/724
f 733/829/725 745/842/725 746/843/725 734/830/725
f 734/830/726 746/843/726 747/844/726 735/831/726
f 735/831/727 747/844/727 748/845/727 736/832/727
f 736/832/728 748/845/728 749/846/728 737/833/728
f 737/833/729 749/846/729 750/847/729 738/834/729
f 738/834/730 750/847/730 751/848/730 739/835/730
f 739/836/731 751/849/731 752/850/731 740/837/731
f 740/837/732 752/850/732 753/851/732 741/838/732
f 741/838/733 753/851/733 754/852/733 742/839/733
f 742/839/734 754/852/734 755/853/734 743/840/734
f 743/840/735 755/853/735 756/854/735 744/841/735
f 744/841/736 756/854/736 745/842/736 733/829/736
f 745/842/737 757/855/737 758/856/737 746/843/737
f 746/843/738 758/856/738 759/857/738 747/844/738
f 747/844/739 759/857/739 760/858/739 748/845/739
f 748/845/740 760/858/740 761/859/740 749/846/740
f 749/846/741 761/859/741 762/860/741 750/847/741
f 750/847/742 762/860/742 763/861/742 751/848/742
f 751/849/743 763/862/743 764/863/743 752/850/743
f 752/850/744 764/863/744 765/864/744 753/851/744
f 753/851/745 765/864/745 766/865/745 754/852/745
f 754/852/746 766/865/746 767/866/746 755/853/746
f 755/853/747 767/866/747 768/867/747 756/854/747
f 756/854/748 768/867/748 757/855/748 745/842/748
f 757/855/749 769/868/749 770/869/749 758/856/749
f 758/856/750 770/869/750 771/870/750 759/857/750
f 759/857/751 771/870/751 772/871/751 760/858/751
f 760/858/752 772/871/752 773/872/752 761/859/752
f 761/859/753 773/872/753 774/873/753 762/860/753
f 762/860/754 774/873/754 775/874/754 763/861/754
f 763/862/755 775/875/755 776/876/755 764/863/755
f 764/863/756 776/876/756 777/877/756 765/864/756
f 765/864/757 777/877/757 778/878/757 766/865/757
f 766/865/758 778/878/758 779/879/758 767/866/758
f 767/866/759 779/879/759 780/880/759 768/867/759
f 768/867/760 780/880/760 769/868/760 757/855/760
f 769/868/761 781/881/761 782/882/761 770/869/761
f 770/869/762 782/882/762 783/883/762 771/870/762
f 771/870/763 783/883/763 784/884/763 772/871/763
f 772/871/764 784/884/764 785/885/764 773/872/764
f 773/872/765 785/885/765 786/886/765 774/873/765
f 774/873/766 786/886/766 787/887/766 775/874/766
f 775/875/767 787/888/767 788/889/767 776/876/767
f 776/876/768 788/889/768 789/890/768 777/877/768
f 777/877/769 789/890/769 790/891/769 778/878/769
f 778/878/770 790/891/770 791/892/770 779/879/770
f 779/879/771 791/892/771 792/893/771 780/880/771
f 780/880/772 792/893/772 781/881/772 769/868/772
f 781/881/773 793/894/773 794/895/773 782/882/773
f 782/882/774 794/895/774 795/896/774 783/883/774
f 783/883/775 795/896/775 796/897/775 784/884/775
f 784/884/776 796/897/776 797/898/776 785/885/776
f 785/885/777 797/898/777 798/899/777 786/886/777
f 786/886/778 798/899/778 799/900/778 787/887/778
f 787/888/779 799/901/779 800/902/779 788/889/779
f 788/889/780 800/902/780 801/903/780 789/890/780
f 789/890/781 801/903/781 802/904/781 790/891/781
f 790/891/782 802/904/782 803/905/782 791/892/782
f 791/892/783 803/905/783 804/906/783 792/893/783
f 792/893/784 804/906/784 793/894/784 781/881/784
f 793/894/785 805/907/785 806/908/785 794/895/785
f 794/895/786 806/908/786 807/909/786 795/896/786
f 795/896/787 807/909/787 808/910/787 796/897/787
f 796/897/788 808/910/788 809/911/788 797/898/788
f 797/898/789 809/911/789 810/912/789 798/899/789
f 798/899/790 810/912/790 811/913/790 799/900/790
f 799/901/791 811/914/791 812/915/791 800/902/791
f 800/902/792 812/915/792 813/916/792 801/903/792
f 801/903/793 813/916/793 814/917/793 802/904/793
f 802/904/794 814/917/794 815/918/794 803/905/794
f 803/905/795 815/918/795 816/919/795 804/906/795
f 804/906/796 816/919/796 805/907/796 793/894/796
f 805/907/797 817/920/797 818/921/797 806/908/797
f 806/908/798 818/921/798 819/922/798 807/909/798
f 807/909/799 819/922/799 820/923/799 808/910/799
f 808/910/800 820/923/800 821/924/800 809/911/800
f 809/911/801 821/924/801 822/925/801 810/912/801
f 810/912/802 822/925/802 823/926/802 811/913/802
f 811/914/803 823/927/803 824/928/803 812/915/803
f 812/915/804 824/928/804 825/929/804 813/916/804
f 813/916/805 825/929/805 826/930/805 814/917/805
f 814/917/806 826/930/806 827/931/806 815/918/806
f 815/918/807 827/931/807 828/932/807 816/919/807
f 816/919/808 828/932/808 817/920/808 805/907/808
f 817/920/809 829/933/809 830/934/809 818/921/809
f 818/921/810 830/934/810 831/935/810 819/922/810
f 819/922/811 831/935/811 832/936/811 820/923/811
f 820/923/812 832/936/812 833/937/812 821/924/812
f 821/924/813 833/937/813 834/938/813 822/925/813
f 822/925/814 834/938/814 835/939/814 823/926/814
f 823/927/815 835/940/815 836/941/815 824/928/815
f 824/928/816 836/941/816 837/942/816 825/929/816
f 825/929/817 837/942/817 838/943/817 826/930/817
f 826/930/818 838/943/818 839/944/818 827/931/818
f 827/931/819 839/944/819 840/945/819 828/932/819
f 828/932/820 840/945/820 829/933/820 817/920/820
f 829/946/538 841/947/538 842/948/538 830/949/538
f 830/949/537 842/948/537 843/950/537 831/951/537
f 831/951/536 843/950/536 844/952/536 832/953/536
f 832/953/535 844/952/535 845/954/535 833/955/535
f 833/955/534 845/954/534 846/956/534 834/957/534
f 834/957/533 846/956/533 847/958/533 835/959/533
f 835/960/544 847/961/544 848/962/544 836/963/544
f 836/963/543 848/962/543 849/964/543 837/965/543
f 837/965/542 849/964/542 850/966/542 838/967/542
f 838/967/541 850/966/541 851/968/541 839/969/541
f 839/969/540 851/968/540 852/970/540 840/971/540
f 840/971/539 852/970/539 841/947/539 829/946/539
f 841/947/550 853/972/550 854/973/550 842/948/550
f 842/948/549 854/973/549 855/974/549 843/950/549
f 843/950/548 855/974/548 856/975/548 844/952/548
f 844/952/547 856/975/547 857/976/547 845/954/547
f 845/954/546 857/976/546 858/977/546 846/956/546
f 846/956/545 858/977/545 859/978/545 847/958/545
f 847/961/556 859/979/556 860/980/556 848/962/556
f 848/962/555 860/980/555 861/981/555 849/964/555
f 849/964/554 861/981/554 862/982/554 850/966/554
f 850/966/553 862/982/553 863/983/553 851/968/553
f 851/968/552 863/983/552 864/984/552 852/970/552
f 852/970/551 864/984/551 853/972/551 841/947/551
f 853/972/562 865/985/562 866/986/562 854/973/562
f 854/973/561 866/986/561 867/987/561 855/974/561
f 855/974/560 867/987/560 868/988/560 856/975/560
f 856/975/559 868/988/559 869/989/559 857/976/559
f 857/976/558 869/989/558 870/990/558 858/977/558
f 858/977/557 870/990/557 871/991/557 859/978/557
f 859/979/568 871/992/568 872/993/568 860/980/568
f 860/980/567 872/993/567 873/994/567 861/981/567
f 861/981/566 873/994/566 874/995/566 862/982/566
f 862/982/565 874/995/565 875/996/565 863/983/565
f 863/983/564 875/996/564 876/997/564 864/984/564
f 864/984/563 876/997/563 865/985/563 853/972/563
f 865/985/574 877/998/574 878/999/574 866/986/574
f 866/986/573 878/999/573 879/1000/573 867/987/573
f 867/987/572 879/1000/572 880/1001/572 868/988/572
f 868/988/571 880/1001/571 881/1002/571 869/989/571
f 869/989/570 881/1002/570 882/1003/570 870/990/570
f 870/990/569 882/1003/569 883/1004/569 871/991/569
f 871/992/580 883/1005/580 884/1006/580 872/993/580
f 872/993/579 884/1006/579 885/1007/579 873/994/579
f 873/994/578 885/1007/578 886/1008/578 874/995/578
f 874/995/577 886/1008/577 887/1009/577 875/996/577
f 875/996/576 887/1009/576 888/1010/576 876/997/576
f 876/997/575 888/1010/575 877/998/575 865/985/575
f 877/998/586 889/1011/586 890/1012/586 878/999/586
f 878/999/585 890/1012/585 891/1013/585 879/1000/585
f 879/1000/584 891/1013/584 892/1014/584 880/1001/584
f 880/1001/583 892/1014/583 893/1015/583 881/1002/583
f 881/1002/582 893/1015/582 894/1016/582 882/1003/582
f 882/1003/581 894/1016/581 895/1017/581 883/1004/581
f 883/1005/592 895/1018/592 896/1019/592 884/1006/592
f 884/1006/591 896/1019/591 897/1020/591 885/1007/591
f 885/1007/590 897/1020/590 898/1021/590 886/1008/590
f 886/1008/589 898/1021/589 899/1022/589 887/1009/589
f 887/1009/588 899/1022/588 900/1023/588 888/1010/588
f 888/1010/587 900/1023/587 889/1011/587 877/998/587
f 889/1011/598 901/1024/598 902/1025/598 890/1012/598
f 890/1012/597 902/1025/597 903/1026/597 891/1013/597
f 891/1013/596 903/1026/596 904/1027/596 892/1014/596
f 892/1014/595 904/1027/595 905/1028/595 893/1015/595
f 893/1015/594 905/1028/594 906/1029/594 894/1016/594
f 894/1016/593 906/1029/593 907/1030/593 895/1017/593
f 895/1018/604 907/1031/604 908/1032/604 896/1019/604
f 896/1019/603 908/1032/603 909/1033/603 897/1020/603
f 897/1020/602 909/1033/602 910/1034/602 898/1021/602
f 898/1021/601 910/1034/601 911/1035/601 899/1022/601
f 899/1022/600 911/1035/600 912/1036/600 900/1023/600
f 900/1023/599 912/1036/599 901/1024/599 889/1011/599
f 901/1024/610 913/1037/610 914/1038/610 902/1025/610
f 902/1025/609 914/1038/609 915/1039/609 903/1026/609
f 903/1026/608 915/1039/608 916/1040/608 904/1027/608
f 904/1027/607 916/1040/607 917/1041/607 905/1028/607
f 905/1028/606 917/1041/606 918/1042/606 906/1029/606
f 906/1029/605 918/1042/605 919/1043/605 907/1030/605
f 907/1031/616 919/1044/616 920/1045/616 908/1032/616
f 908/1032/615 920/1045/615 921/1046/615 909/1033/615
f 909/1033/614 921/1046/614 922/1047/614 910/1034/614
f 910/1034/613 922/1047/613 923/1048/613 911/1035/613
f 911/1035/612 923/1048/612 924/1049/612 912/1036/612
f 912/1036/611 924/1049/611 913/1037/611 901/1024/611
f 913/1037/622 925/1050/622 926/1051/622 914/1038/622
f 914/1038/621 926/1051/621 927/1052/621 915/1039/621
f 915/1039/620 927/1052/620 928/1053/620 916/1040/620
f 916/1040/619 928/1053/619 929/1054/619 917/1041/619
f 917/1041/618 929/1054/618 930/1055/618 918/1042/618
f 918/1042/617 930/1055/617 931/1056/617 919/1043/617
f 919/1044/628 931/1057/628 932/1058/628 920/1045/628
f 920/1045/627 932/1058/627 933/1059/627 921/1046/627
f 921/1046/626 933/1059/626 934/1060/626 922/1047/626
f 922/1047/625 934/1060/625 935/1061/625 923/1048/625
f 923/1048/624 935/1061/624 936/1062/624 924/1049/624
f 924/1049/623 936/1062/623 925/1050/623 913/1037/623
f 925/1050/634 937/1063/634 938/1064/634 926/1051/634
f 926/1051/633 938/1064/633 939/1065/633 927/1052/633
f 927/1052/632 939/1065/632 940/1066/632 928/1053/632
f 928/1053/631 940/1066/631 941/1067/631 929/1054/631
f 929/1054/630 941/1067/630 942/1068/630 930/1055/630
f 930/1055/629 942/1068/629 943/1069/629 931/1056/629
f 931/1057/640 943/1070/640 944/1071/640 932/1058/640
f 932/1058/639 944/1071/639 945/1072/639 933/1059/639
f 933/1059/638 945/1072/638 946/1073/638 934/1060/638
f 934/1060/637 946/1073/637 947/1074/637 935/1061/637
f 935/1061/636 947/1074/636 948/1075/636 936/1062/636
f 936/1062/635 948/1075/635 937/1063/635 925/1050/635
f 937/1063/646 949/1076/646 950/1077/646 938/1064/646
f 938/1064/645 950/1077/645 951/1078/645 939/1065/645
f 939/1065/644 951/1078/644 952/1079/644 940/1066/644
f 940/1066/643 952/1079/643 953/1080/643 941/1067/643
f 941/1067/642 953/1080/642 954/1081/642 942/1068/642
f 942/1068/641 954/1081/641 955/1082/641 943/1069/641
f 943/1070/652 955/1083/652 956/1084/652 944/1071/652
f 944/1071/651 956/1084/651 957/1085/651 945/1072/651
f 945/1072/650 957/1085/650 958/1086/650 946/1073/650
f 946/1073/649 958/1086/649 959/1087/649 947/1074/649
f 947/1074/648 959/1087/648 960/1088/648 948/1075/648
f 948/1075/647 960/1088/647 949/1076/647 937/1063/647
f 949/1076/658 961/1089/658 962/1090/658 950/1077/658
f 950/1077/657 962/1090/657 963/1091/657 951/1078/657
f 951/1078/656 963/1091/656 964/1092/656 952/1079/656
f 952/1079/655 964/1092/655 965/1093/655 953/1080/655
f 953/1080/654 965/1093/654 966/1094/654 954/1081/654
f 954/1081/653 966/1094/653 967/1095/653 955/1082/653
f 955/1083/664 967/1096/664 968/1097/664 956/1084/664
f 956/1084/663 968/1097/663 969/1098/663 957/1085/663
f 957/1085/662 969/1098/662 970/1099/662 958/1086/662
f 958/1086/661 970/1099/661 971/1100/661 959/1087/661
f 959/1087/660 971/1100/660 972/1101/660 960/1088/660
f 960/1088/659 972/1101/659 961/1089/659 949/1076/659
f 961/1089/670 973/1102/670 974/1103/670 962/1090/670
f 962/1090/669 974/1103/669 975/1104/669 963/1091/669
f 963/1091/668 975/1104/668 976/1105/668 964/1092/668
f 964/1092/667 976/1105/667 977/1106/667 965/1093/667
f 965/1093/666 977/1106/666 978/1107/666 966/1094/666
f 966/1094/665 978/1107/665 979/1108/665 967/1095/665
f 967/1096/676 979/1109/676 980/1110/676 968/1097/676
f 968/1097/675 980/1110/675 981/1111/675 969/1098/675
f 969/1098/674 981/1111/674 982/1112/674 970/1099/674
f 970/1099/673 982/1112/673 983/1113/673 971/1100/673
f 971/1100/672 983/1113/672 984/1114/672 972/1101/672
f 972/1101/671 984/1114/671 973/1102/671 961/1089/671
f 973/1102/682 985/1115/682 986/1116/682 974/1103/682
f 974/1103/681 986/1116/681 987/1117/681 975/1104/681
f 975/1104/680 987/1117/680 988/1118/680 976/1105/680
f 976/1105/679 988/1118/679 989/1119/679 977/1106/679
f 977/1106/678 989/1119/678 990/1120/678 978/1107/678
f 978/1107/677 990/1120/677 991/1121/677 979/1108/677
f 979/1109/688 991/1122/688 992/1123/688 980/1110/688
f 980/1110/687 992/1123/687 993/1124/687 981/1111/687
f 981/1111/686 993/1124/686 994/1125/686 982/1112/686
f 982/1112/685 994/1125/685 995/1126/685 983/1113/685
f 983/1113/684 995/1126/684 996/1127/684 984/1114/684
f 984/1114/683 996/1127/683 985/1115/683 973/1102/683
f 985/1115/694 997/1128/694 998/1129/694 986/1116/694
f 986/1116/693 998/1129/693 999/1130/693 987/1117/693
f 987/1117/692 999/1130/692 1000/1131/692 988/1118/692
f 988/1118/691 1000/1131/691 1001/1132/691 989/1119/691
f 989/1119/690 1001/1132/690 1002/1133/690 990/1120/690
f 990/1120/689 1002/1133/689 1003/1134/689 991/1121/689
f 991/1122/700 1003/1135/700 1004/1136/700 992/1123/700
f 992/1123/699 1004/1136/699 1005/1137/699 993/1124/699
f 993/1124/698 1005/1137/698 1006/1138/698 994/1125/698
f 994/1125/697 1006/1138/697 1007/1139/697 995/1126/697
f 995/1126/696 1007/1139/696 1008/1140/696 996/1127/696
f 996/1127/695 1008/1140/695 997/1128/695 985/1115/695
f 997/1128/706 1009/1141/706 1010/1142/706 998/1129/706
f 998/1129/705 1010/1142/705 1011/1143/705 999/1130/705
f 999/1130/704 1011/1143/704 1012/1144/704 1000/1131/704
f 1000/1131/703 1012/1144/703 1013/1145/703 1001/1132/703
f 1001/1132/702 1013/1145/702 1014/1146/702 1002/1133/702
f 1002/1133/701 1014/1146/701 1015/1147/701 1003/1134/701
f 1003/1135/712 1015/1148/712 1016/1149/712 1004/1136/712
f 1004/1136/711 1016/1149/711 1017/1150/711 1005/1137/711
f 1005/1137/710 1017/1150/710 1018/1151/710 1006/1138/710
f 1006/1138/709 1018/1151/709 1019/1152/709 1007/1139/709
f 1007/1139/708 1019/1152/708 1020/1153/708 1008/1140/708
f 1008/1140/707 1020/1153/707 1009/1141/707 997/1128/707
f 1009/1141/718 1021/1154/718 1022/1155/718 1010/1142/718
f 1010/1142/717 1022/1155/717 1023/1156/717 1011/1143/717
f 1011/1143/716 1023/1156/716 1024/1157/716 1012/1144/716
f 1012/1144/715 1024/1157/715 1025/1158/715 1013/1145/715
f 1013/1145/714 1025/1158/714 1026/1159/714 1014/1146/714
f 1014/1146/713 1026/1159/713 1027/1160/713 1015/1147/713
f 1015/1148/724 1027/1161/724 1028/1162/724 1016/1149/724
f 1016/1149/723 1028/1162/723 1029/1163/723 1017/1150/723
f 1017/1150/722 1029/1163/722 1030/1164/722 1018/1151/722
f 1018/1151/721 1030/1164/721 1031/1165/721 1019/1152/721
f 1019/1152/720 1031/1165/720 1032/1166/720 1020/1153/720
f 1020/1153/719 1032/1166/719 1021/1154/719 1009/1141/719
f 1021/1154/730 1033/1167/730 1034/1168/730 1022/1155/730
f 1022/1155/729 1034/1168/729 1035/1169/729 1023/1156/729
f 1023/1156/728 1035/1169/728 1036/1170/728 1024/1157/728
f 1024/1157/727 1036/1170/727 1037/1171/727 1025/1158/727
f 1025/1158/726 1037/1171/726 1038/1172/726 1026/1159/726
f 1026/1159/725 1038/1172/725 1039/1173/725 1027/1160/725
f 1027/1161/736 1039/1174/736 1040/1175/736 1028/1162/736
f 1028/1162/735 1040/1175/735 1041/1176/735 1029/1163/735
f 1029/1163/734 1041/1176/734 1042/1177/734 1030/1164/734
f 1030/1164/733 1042/1177/733 1043/1178/733 1031/1165/733
f 1031/1165/732 1043/1178/732 1044/1179/732 1032/1166/732
f 1032/1166/731 1044/1179/731 1033/1167/731 1021/1154/731
f 1033/1167/742 1045/1180/742 1046/1181/742 1034/1168/742
f 1034/1168/741 1046/1181/741 1047/1182/741 1035/1169/741
f 1035/1169/740 1047/1182/740 1048/1183/740 1036/1170/740
f 1036/1170/739 1048/1183/739 1049/1184/739 1037/1171/739
f 1037/1171/738 1049/1184/738 1050/1185/738 1038/1172/738
f 1038/1172/737 1050/1185/737 1051/1186/737 1039/1173/737
f 1039/1174/748 1051/1187/748 1052/1188/748 1040/1175/748
f 1040/1175/747 1052/1188/747 1053/1189/747 1041/1176/747
f 1041/1176/746 1053/1189/746 1054/1190/746 1042/1177/746
f 1042/1177/745 1054/1190/745 1055/1191/745 1043/1178/745
f 1043/1178/744 1055/1191/744 1056/1192/744 1044/1179/744
f 1044/1179/743 1056/1192/743 1045/1180/743 1033/1167/743
f 1045/1180/754 1057/1193/754 1058/1194/754 1046/1181/754
f 1046/1181/753 1058/1194/753 1059/1195/753 1047/1182/753
f 1047/1182/752 1059/1195/752 1060/1196/752 1048/1183/752
f 1048/1183/751 1060/1196/751 1061/1197/751 1049/1184/751
f 1049/1184/750 1061/1197/750 1062/1198/750 1050/1185/750
f 1050/1185/749 1062/1198/749 1063/1199/749 1051/1186/749
f 1051/1187/760 1063/1200/760 1064/1201/760 1052/1188/760
f 1052/1188/759 1064/1201/759 1065/1202/759 1053/1189/759
f 1053/1189/758 1065/1202/758 1066/1203/758 1054/1190/758
f 1054/1190/757 1066/1203/757 1067/1204/757 1055/1191/757
f 1055/1191/756 1067/1204/756 1068/1205/756 1056/1192/756
f 1056/1192/755 1068/1205/755 1057/1193/755 1045/1180/755
f 1057/1193/766 1069/1206/766 1070/1207/766 1058/1194/766
f 1058/1194/765 1070/1207/765 1071/1208/765 1059/1195/765
f 1059/1195/764 1071/1208/764 1072/1209/764 1060/1196/764
f 1060/1196/763 1072/1209/763 1073/1210/763 1061/1197/763
f 1061/1197/762 1073/1210/762 1074/1211/762 1062/1198/762
f 1062/1198/761 1074/1211/761 1075/1212/761 1063/1199/761
f 1063/1200/772 1075/1213/772 1076/1214/772 1064/1201/772
f 1064/1201/771 1076/1214/771 1077/1215/771 1065/1202/771
f 1065/1202/770 1077/1215/770 1078/1216/770 1066/1203/770
f 1066/1203/769 1078/1216/769 1079/1217/769 1067/1204/769
f 1067/1204/768 1079/1217/768 1080/1218/768 1068/1205/768
f 1068/1205/767 1080/1218/767 1069/1206/767 1057/1193/767
f 1069/1206/778 1081/1219/778 1082/1220/778 1070/1207/778
f 1070/1207/777 1082/1220/777 1083/1221/777 1071/1208/777
f 1071/1208/776 1083/1221/776 1084/1222/776 1072/1209/776
f 1072/1209/775 1084/1222/775 1085/1223/775 1073/1210/775
f 1073/1210/774 1085/1223/774 1086/1224/774 1074/1211/774
f 1074/1211/773 1086/1224/773 1087/1225/773 1075/1212/773
f 1075/1213/784 1087/1226/784 1088/1227/784 1076/1214/784
f 1076/1214/783 1088/1227/783 1089/1228/783 1077/1215/783
f 1077/1215/782 1089/1228/782 1090/1229/782 1078/1216/782
f 1078/1216/781 1090/1229/781 1091/1230/781 1079/1217/781
f 1079/1217/780 1091/1230/780 1092/1231/780 1080/1218/780
f 1080/1218/779 1092/1231/779 1081/1219/779 1069/1206/779
f 1081/1219/790 1093/1232/790 1094/1233/790 1082/1220/790
f 1082/1220/789 1094/1233/789 1095/1234/789 1083/1221/789
f 1083/1221/788 1095/1234/788 1096/1235/788 1084/1222/788
f 1084/1222/787 1096/1235/787 1097/1236/787 1085/1223/787
f 1085/1223/786 1097/1236/786 1098/1237/786 1086/1224/786
f 1086/1224/785 1098/1237/785 1099/1238/785 1087/1225/785
f 1087/1226/796 1099/1239/796 1100/1240/796 1088/1227/796
f 1088/1227/795 1100/1240/795 1101/1241/795 1089/1228/795
f 1089/1228/794 1101/1241/794 1102/1242/794 1090/1229/794
f 1090/1229/793 1102/1242/793 1103/1243/793 1091/1230/793
f 1091/1230/792 1103/1243/792 1104/1244/792 1092/1231/792
f 1092/1231/791 1104/1244/791 1093/1232/791 1081/1219/791
f 1093/1232/802 1105/1245/802 1106/1246/802 1094/1233/802
f 1094/1233/801 1106/1246/801 1107/1247/801 1095/1234/801
f 1095/1234/800 1107/1247/800 1108/1248/800 1096/1235/800
f 1096/1235/799 1108/1248/799 1109/1249/799 1097/1236/799
f 1097/1236/798 1109/1249/798 1110/1250/798 1098/1237/798
f 1098/1237/797 1110/1250/797 1111/1251/797 1099/1238/797
f 1099/1239/808 1111/1252/808 1112/1253/808 1100/1240/808
f 1100/1240/807 1112/1253/807 1113/1254/807 1101/1241/807
f 1101/1241/806 1113/1254/806 1114/1255/806 1102/1242/806
f 1102/1242/805 1114/1255/805 1115/1256/805 1103/1243/805
f 1103/1243/804 1115/1256/804 1116/1257/804 1104/1244/804
f 1104/1244/803 1116/1257/803 1105/1245/803 1093/1232/803
f 1105/1245/814 541/621/814 542/624/814 1106/1246/814
f 1106/1246/813 542/624/813 543/626/813 1107/1247/813
f 1107/1247/812 543/626/812 544/628/812 1108/1248/812
f 1108/1248/811 544/628/811 545/630/811 1109/1249/811
f 1109/1249/810 545/630/810 546/632/810 1110/1250/810
f 1110/1250/809 546/632/809 547/634/809 1111/1251/809
f 1111/1252/820 547/635/820 548/638/820 1112/1253/820
f 1112/1253/819 548/638/819 549/640/819 1113/1254/819
f 1113/1254/818 549/640/818 550/642/818 1114/1255/818
f 1114/1255/817 550/642/817 551/644/817 1115/1256/817
f 1115/1256/816 551/644/816 552/646/816 1116/1257/816
f 1116/1257/815 552/646/815 541/621/815 1105/1245/815
